Suite/Test/Step Name,Browser,Description,Tag,Start time,End time,Duration,Status
Tunescribers,Chrome 85.0.4183.102,,,2020-09-25 23:43:38,2020-09-25 23:51:01,7m - 22.732s,FAILED
,,,,,,,
Test Cases/Automated Youtube Song Order,Chrome 85.0.4183.102,"ID: Muhammad Danyal
Rush Job: No
Payment Method: Credit Card",,2020-09-25 23:43:38,2020-09-25 23:44:37,58.648s,PASSED
"openBrowser(""https://uat.tunescribers.com/"")",Chrome 85.0.4183.102,,,2020-09-25 23:43:39,2020-09-25 23:43:50,10.837s,PASSED
maximizeWindow(),Chrome 85.0.4183.102,,,2020-09-25 23:43:50,2020-09-25 23:43:52,2.166s,PASSED
"click(findTestObject(""Object Repository/Page_Tunescribers  Worlds Finest Music Tran_77530f/a_Login""))",Chrome 85.0.4183.102,,,2020-09-25 23:43:52,2020-09-25 23:43:56,3.653s,PASSED
"setText(findTestObject(""Object Repository/Page_Tunescribers  Login/input_Please enter email and password_username""), ""muhammad.danyal@cooperativecomputing.com"")",Chrome 85.0.4183.102,,,2020-09-25 23:43:56,2020-09-25 23:43:56,0.544s,PASSED
"setEncryptedText(findTestObject(""Object Repository/Page_Tunescribers  Login/input_Please enter email and password_password""), ""he6LtG7CITvGDhmDyKTJqw=="")",Chrome 85.0.4183.102,,,2020-09-25 23:43:56,2020-09-25 23:43:57,0.552s,PASSED
"click(findTestObject(""Object Repository/Page_Tunescribers  Login/input_Forgot your password_button text-cent_363f13""))",Chrome 85.0.4183.102,,,2020-09-25 23:43:57,2020-09-25 23:44:01,4.613s,PASSED
"click(findTestObject(""Object Repository/Page_Tunescribers  Customer Dashboard/a_Home""))",Chrome 85.0.4183.102,,,2020-09-25 23:44:01,2020-09-25 23:44:05,3.949s,PASSED
"click(findTestObject(""Object Repository/Page_Tunescribers  Worlds Finest Music Tran_77530f/p_Examples httpsyoutubeQse0LMVAzBEhttpswwwy_9a24e6""))",Chrome 85.0.4183.102,,,2020-09-25 23:44:05,2020-09-25 23:44:06,0.458s,PASSED
"setText(findTestObject(""Object Repository/Page_Tunescribers  Worlds Finest Music Tran_77530f/input_Enter the songs YouTube web address_link""), ""https://www.youtube.com/watch?v=6jmnASVqZMU"")",Chrome 85.0.4183.102,,,2020-09-25 23:44:06,2020-09-25 23:44:06,0.473s,PASSED
"click(findTestObject(""Object Repository/Page_Tunescribers  Worlds Finest Music Tran_77530f/input_Enter the songs YouTube web address_b_4fcef0""))",Chrome 85.0.4183.102,,,2020-09-25 23:44:06,2020-09-25 23:44:07,0.615s,PASSED
delay(5),Chrome 85.0.4183.102,,,2020-09-25 23:44:07,2020-09-25 23:44:12,5.031s,PASSED
"click(findTestObject(""Object Repository/Page_Tunescribers  Worlds Finest Music Tran_77530f/input_Cancel_continue""))",Chrome 85.0.4183.102,,,2020-09-25 23:44:12,2020-09-25 23:44:15,3.135s,PASSED
"click(findTestObject(""Page_Tunescribers  Step/a-Next_Youtube""))",Chrome 85.0.4183.102,,,2020-09-25 23:44:15,2020-09-25 23:44:16,0.603s,PASSED
"click(findTestObject(""Object Repository/Page_Tunescribers  Step/label_I own the copyright""))",Chrome 85.0.4183.102,,,2020-09-25 23:44:16,2020-09-25 23:44:16,0.465s,PASSED
"setText(findTestObject(""Object Repository/Page_Tunescribers  Step/input_I own the copyright_copyrightfield""), ""Automated Copyright"")",Chrome 85.0.4183.102,,,2020-09-25 23:44:16,2020-09-25 23:44:16,0.424s,PASSED
"click(findTestObject(""Page_Tunescribers  Step/a_Next_1_Youtube""))",Chrome 85.0.4183.102,,,2020-09-25 23:44:16,2020-09-25 23:44:17,0.389s,PASSED
"doubleClick(findTestObject(""Object Repository/Page_Tunescribers  Step/input_Song title_title""))",Chrome 85.0.4183.102,,,2020-09-25 23:44:17,2020-09-25 23:44:17,0.591s,PASSED
"setText(findTestObject(""Object Repository/Page_Tunescribers  Step/input_Song title_title""), ""Automated Youtube Song"")",Chrome 85.0.4183.102,,,2020-09-25 23:44:17,2020-09-25 23:44:18,0.455s,PASSED
"click(findTestObject(""Page_Tunescribers  Step/a_Next_1_2_Youtube""))",Chrome 85.0.4183.102,,,2020-09-25 23:44:18,2020-09-25 23:44:18,0.394s,PASSED
"click(findTestObject(""Page_Tunescribers  Step/a_Next_1_2_3_Youtube""))",Chrome 85.0.4183.102,,,2020-09-25 23:44:18,2020-09-25 23:44:19,0.516s,PASSED
"click(findTestObject(""Object Repository/Page_Tunescribers  Step/input_I agree to the above and to theand_terms""))",Chrome 85.0.4183.102,,,2020-09-25 23:44:19,2020-09-25 23:44:20,0.694s,PASSED
"click(findTestObject(""Object Repository/Page_Tunescribers  Step/a_Continue to Checkout""))",Chrome 85.0.4183.102,,,2020-09-25 23:44:20,2020-09-25 23:44:22,2.947s,PASSED
"click(findTestObject(""Object Repository/Page_Tunescribers  Cart/a_Checkout""))",Chrome 85.0.4183.102,,,2020-09-25 23:44:22,2020-09-25 23:44:25,2.835s,PASSED
"setText(findTestObject(""Object Repository/Page_Tunescribers  Checkout/input_Paypal_number""), ""4242424242424242"")",Chrome 85.0.4183.102,,,2020-09-25 23:44:25,2020-09-25 23:44:27,1.262s,PASSED
"setText(findTestObject(""Object Repository/Page_Tunescribers  Checkout/input_Paypal_security""), ""123"")",Chrome 85.0.4183.102,,,2020-09-25 23:44:27,2020-09-25 23:44:27,0.417s,PASSED
"setText(findTestObject(""Object Repository/Page_Tunescribers  Checkout/input_Paypal_name""), ""Danyal"")",Chrome 85.0.4183.102,,,2020-09-25 23:44:27,2020-09-25 23:44:27,0.445s,PASSED
"selectOptionByValue(findTestObject(""Object Repository/Page_Tunescribers  Checkout/select_Exp Month123456789101112""), ""12"", true)",Chrome 85.0.4183.102,,,2020-09-25 23:44:27,2020-09-25 23:44:29,1.571s,PASSED
"selectOptionByValue(findTestObject(""Object Repository/Page_Tunescribers  Checkout/select_Exp Year2020202120222023202420252026_a03cde""), ""2028"", true)",Chrome 85.0.4183.102,,,2020-09-25 23:44:29,2020-09-25 23:44:30,1.060s,PASSED
"checkoutSubmit = findWebElement(findTestObject(""Object Repository/Page_Tunescribers  Checkout/input_Previous_submit""), 30)",Chrome 85.0.4183.102,,,2020-09-25 23:44:30,2020-09-25 23:44:30,0.301s,PASSED
"executeJavaScript(""arguments[0].click()"", Arrays.asList(checkoutSubmit))",Chrome 85.0.4183.102,,,2020-09-25 23:44:30,2020-09-25 23:44:36,5.813s,PASSED
closeBrowser(),Chrome 85.0.4183.102,,,2020-09-25 23:44:36,2020-09-25 23:44:37,0.717s,PASSED
,,,,,,,
Test Cases/Automated Youtube song Order Using Coupon Code,Chrome 85.0.4183.102,"ID: Muhammad Danyal
Rush Job: No
Coupon Code: madiha(100%)",,2020-09-25 23:44:37,2020-09-25 23:45:33,56.158s,PASSED
"openBrowser(""https://uat.tunescribers.com/"")",Chrome 85.0.4183.102,,,2020-09-25 23:44:37,2020-09-25 23:44:50,12.862s,PASSED
maximizeWindow(),Chrome 85.0.4183.102,,,2020-09-25 23:44:50,2020-09-25 23:44:52,2.129s,PASSED
"click(findTestObject(""Object Repository/Page_Tunescribers  Worlds Finest Music Tran_77530f/a_Login""))",Chrome 85.0.4183.102,,,2020-09-25 23:44:52,2020-09-25 23:44:56,4.132s,PASSED
"setText(findTestObject(""Object Repository/Page_Tunescribers  Login/input_Please enter email and password_username""), ""muhammad.danyal@cooperativecomputing.com"")",Chrome 85.0.4183.102,,,2020-09-25 23:44:56,2020-09-25 23:44:57,0.459s,PASSED
"setEncryptedText(findTestObject(""Object Repository/Page_Tunescribers  Login/input_Please enter email and password_password""), ""he6LtG7CITvGDhmDyKTJqw=="")",Chrome 85.0.4183.102,,,2020-09-25 23:44:57,2020-09-25 23:44:57,0.438s,PASSED
"click(findTestObject(""Object Repository/Page_Tunescribers  Login/input_Forgot your password_button text-cent_363f13""))",Chrome 85.0.4183.102,,,2020-09-25 23:44:57,2020-09-25 23:45:00,3.028s,PASSED
"click(findTestObject(""Object Repository/Page_Tunescribers  Customer Dashboard/a_Home""))",Chrome 85.0.4183.102,,,2020-09-25 23:45:00,2020-09-25 23:45:05,4.421s,PASSED
"click(findTestObject(""Object Repository/Page_Tunescribers  Worlds Finest Music Tran_77530f/p_Examples httpsyoutubeQse0LMVAzBEhttpswwwy_9a24e6""))",Chrome 85.0.4183.102,,,2020-09-25 23:45:05,2020-09-25 23:45:05,0.536s,PASSED
"setText(findTestObject(""Object Repository/Page_Tunescribers  Worlds Finest Music Tran_77530f/input_Enter the songs YouTube web address_link""), ""https://www.youtube.com/watch?v=6jmnASVqZMU"")",Chrome 85.0.4183.102,,,2020-09-25 23:45:05,2020-09-25 23:45:06,0.468s,PASSED
"click(findTestObject(""Object Repository/Page_Tunescribers  Worlds Finest Music Tran_77530f/input_Enter the songs YouTube web address_b_4fcef0""))",Chrome 85.0.4183.102,,,2020-09-25 23:45:06,2020-09-25 23:45:06,0.586s,PASSED
delay(5),Chrome 85.0.4183.102,,,2020-09-25 23:45:06,2020-09-25 23:45:11,5.004s,PASSED
"click(findTestObject(""Object Repository/Page_Tunescribers  Worlds Finest Music Tran_77530f/input_Cancel_continue""))",Chrome 85.0.4183.102,,,2020-09-25 23:45:11,2020-09-25 23:45:14,2.851s,PASSED
"click(findTestObject(""Object Repository/Page_Tunescribers  Step/a-Next_Youtube""))",Chrome 85.0.4183.102,,,2020-09-25 23:45:14,2020-09-25 23:45:15,0.456s,PASSED
"click(findTestObject(""Object Repository/Page_Tunescribers  Step/label_I own the copyright""))",Chrome 85.0.4183.102,,,2020-09-25 23:45:15,2020-09-25 23:45:15,0.453s,PASSED
"setText(findTestObject(""Object Repository/Page_Tunescribers  Step/input_I own the copyright_copyrightfield""), ""Automated Copyright"")",Chrome 85.0.4183.102,,,2020-09-25 23:45:15,2020-09-25 23:45:16,0.428s,PASSED
"click(findTestObject(""Object Repository/Page_Tunescribers  Step/a_Next_1_Youtube""))",Chrome 85.0.4183.102,,,2020-09-25 23:45:16,2020-09-25 23:45:16,0.385s,PASSED
"doubleClick(findTestObject(""Object Repository/Page_Tunescribers  Step/input_Song title_title""))",Chrome 85.0.4183.102,,,2020-09-25 23:45:16,2020-09-25 23:45:16,0.553s,PASSED
"setText(findTestObject(""Object Repository/Page_Tunescribers  Step/input_Song title_title""), ""Automated Youtube Song Using Coupon Code"")",Chrome 85.0.4183.102,,,2020-09-25 23:45:16,2020-09-25 23:45:17,0.608s,PASSED
"click(findTestObject(""Object Repository/Page_Tunescribers  Step/a_Next_1_2_Youtube""))",Chrome 85.0.4183.102,,,2020-09-25 23:45:17,2020-09-25 23:45:17,0.356s,PASSED
"click(findTestObject(""Object Repository/Page_Tunescribers  Step/a_Next_1_2_3_Youtube""))",Chrome 85.0.4183.102,,,2020-09-25 23:45:17,2020-09-25 23:45:18,0.572s,PASSED
"click(findTestObject(""Object Repository/Page_Tunescribers  Step/input_I agree to the above and to theand_terms""))",Chrome 85.0.4183.102,,,2020-09-25 23:45:18,2020-09-25 23:45:19,0.706s,PASSED
"click(findTestObject(""Object Repository/Page_Tunescribers  Step/a_Continue to Checkout""))",Chrome 85.0.4183.102,,,2020-09-25 23:45:19,2020-09-25 23:45:22,2.924s,PASSED
"click(findTestObject(""Object Repository/a_Checkout""))",Chrome 85.0.4183.102,,,2020-09-25 23:45:22,2020-09-25 23:45:25,3.207s,PASSED
"setText(findTestObject(""Object Repository/input_Discount Code_discount""), ""madiha"")",Chrome 85.0.4183.102,,,2020-09-25 23:45:25,2020-09-25 23:45:26,1.128s,PASSED
"click(findTestObject(""Object Repository/button_Validate Code""))",Chrome 85.0.4183.102,,,2020-09-25 23:45:26,2020-09-25 23:45:26,0.343s,PASSED
"checkoutSubmit = findWebElement(findTestObject(""Object Repository/Page_Tunescribers  Checkout/input_Previous_submit""), 30)",Chrome 85.0.4183.102,,,2020-09-25 23:45:26,2020-09-25 23:45:28,1.518s,PASSED
"executeJavaScript(""arguments[0].click()"", Arrays.asList(checkoutSubmit))",Chrome 85.0.4183.102,,,2020-09-25 23:45:28,2020-09-25 23:45:32,4.526s,PASSED
closeBrowser(),Chrome 85.0.4183.102,,,2020-09-25 23:45:32,2020-09-25 23:45:33,0.710s,PASSED
,,,,,,,
Test Cases/Automated Youtube Order Using Paypal,Chrome 85.0.4183.102,"ID: Muhammad Danyal
Rush job: No
Payment Method: Paypal",,2020-09-25 23:45:33,2020-09-25 23:47:04,1m - 31.072s,FAILED
"openBrowser(""https://uat.tunescribers.com/"")",Chrome 85.0.4183.102,,,2020-09-25 23:45:34,2020-09-25 23:45:44,10.168s,PASSED
maximizeWindow(),Chrome 85.0.4183.102,,,2020-09-25 23:45:44,2020-09-25 23:45:46,2.131s,PASSED
"click(findTestObject(""Object Repository/Page_Tunescribers  Worlds Finest Music Tran_77530f/a_Login""))",Chrome 85.0.4183.102,,,2020-09-25 23:45:46,2020-09-25 23:45:49,3.673s,PASSED
"setText(findTestObject(""Object Repository/Page_Tunescribers  Login/input_Please enter email and password_username""), ""muhammad.danyal@cooperativecomputing.com"")",Chrome 85.0.4183.102,,,2020-09-25 23:45:49,2020-09-25 23:45:50,0.494s,PASSED
"setEncryptedText(findTestObject(""Object Repository/Page_Tunescribers  Login/input_Please enter email and password_password""), ""he6LtG7CITvGDhmDyKTJqw=="")",Chrome 85.0.4183.102,,,2020-09-25 23:45:50,2020-09-25 23:45:50,0.400s,PASSED
"click(findTestObject(""Object Repository/Page_Tunescribers  Login/input_Forgot your password_button text-cent_363f13""))",Chrome 85.0.4183.102,,,2020-09-25 23:45:50,2020-09-25 23:45:54,3.337s,PASSED
"click(findTestObject(""Object Repository/Page_Tunescribers  Customer Dashboard/a_Home""))",Chrome 85.0.4183.102,,,2020-09-25 23:45:54,2020-09-25 23:45:58,4.259s,PASSED
"click(findTestObject(""Object Repository/Page_Tunescribers  Worlds Finest Music Tran_77530f/p_Examples httpsyoutubeQse0LMVAzBEhttpswwwy_9a24e6""))",Chrome 85.0.4183.102,,,2020-09-25 23:45:58,2020-09-25 23:45:58,0.526s,PASSED
"setText(findTestObject(""Object Repository/Page_Tunescribers  Worlds Finest Music Tran_77530f/input_Enter the songs YouTube web address_link""), ""https://www.youtube.com/watch?v=6jmnASVqZMU"")",Chrome 85.0.4183.102,,,2020-09-25 23:45:58,2020-09-25 23:45:59,0.449s,PASSED
"click(findTestObject(""Object Repository/Page_Tunescribers  Worlds Finest Music Tran_77530f/input_Enter the songs YouTube web address_b_4fcef0""))",Chrome 85.0.4183.102,,,2020-09-25 23:45:59,2020-09-25 23:46:00,0.671s,PASSED
delay(5),Chrome 85.0.4183.102,,,2020-09-25 23:46:00,2020-09-25 23:46:05,5.002s,PASSED
"click(findTestObject(""Object Repository/Page_Tunescribers  Worlds Finest Music Tran_77530f/input_Cancel_continue""))",Chrome 85.0.4183.102,,,2020-09-25 23:46:05,2020-09-25 23:46:08,2.895s,PASSED
"click(findTestObject(""Object Repository/Page_Tunescribers  Step/a-Next_Youtube""))",Chrome 85.0.4183.102,,,2020-09-25 23:46:08,2020-09-25 23:46:08,0.655s,PASSED
"click(findTestObject(""Object Repository/Page_Tunescribers  Step/label_I own the copyright""))",Chrome 85.0.4183.102,,,2020-09-25 23:46:08,2020-09-25 23:46:09,0.454s,PASSED
"setText(findTestObject(""Object Repository/Page_Tunescribers  Step/input_I own the copyright_copyrightfield""), ""Automated Copyright"")",Chrome 85.0.4183.102,,,2020-09-25 23:46:09,2020-09-25 23:46:09,0.426s,PASSED
"click(findTestObject(""Object Repository/Page_Tunescribers  Step/a_Next_1_Youtube""))",Chrome 85.0.4183.102,,,2020-09-25 23:46:09,2020-09-25 23:46:09,0.370s,PASSED
"doubleClick(findTestObject(""Object Repository/Page_Tunescribers  Step/input_Song title_title""))",Chrome 85.0.4183.102,,,2020-09-25 23:46:09,2020-09-25 23:46:10,0.846s,PASSED
"setText(findTestObject(""Object Repository/Page_Tunescribers  Step/input_Song title_title""), ""Automated Youtube Song Using Paypal"")",Chrome 85.0.4183.102,,,2020-09-25 23:46:10,2020-09-25 23:46:11,0.475s,PASSED
"click(findTestObject(""Object Repository/Page_Tunescribers  Step/a_Next_1_2_Youtube""))",Chrome 85.0.4183.102,,,2020-09-25 23:46:11,2020-09-25 23:46:11,0.347s,PASSED
"click(findTestObject(""Object Repository/Page_Tunescribers  Step/a_Next_1_2_3_Youtube""))",Chrome 85.0.4183.102,,,2020-09-25 23:46:11,2020-09-25 23:46:12,0.572s,PASSED
"click(findTestObject(""Object Repository/Page_Tunescribers  Step/input_I agree to the above and to theand_terms""))",Chrome 85.0.4183.102,,,2020-09-25 23:46:12,2020-09-25 23:46:12,0.681s,PASSED
"click(findTestObject(""Object Repository/Page_Tunescribers  Step/a_Continue to Checkout""))",Chrome 85.0.4183.102,,,2020-09-25 23:46:12,2020-09-25 23:46:16,3.367s,PASSED
"click(findTestObject(""Object Repository/Page_Tunescribers  Cart/a_Checkout""))",Chrome 85.0.4183.102,,,2020-09-25 23:46:16,2020-09-25 23:46:19,3.152s,PASSED
"click(findTestObject(""Object Repository/label_Paypal""))",Chrome 85.0.4183.102,,,2020-09-25 23:46:19,2020-09-25 23:47:04,45.286s,FAILED
,,,,,,,
Test Cases/Automated Song for Sale Order,Chrome 85.0.4183.102,"ID: Muhammad Danyal
Payment Method: Credit Card",,2020-09-25 23:47:04,2020-09-25 23:47:54,50.332s,PASSED
"openBrowser(""https://uat.tunescribers.com/"")",Chrome 85.0.4183.102,,,2020-09-25 23:47:05,2020-09-25 23:47:14,9.835s,PASSED
maximizeWindow(),Chrome 85.0.4183.102,,,2020-09-25 23:47:14,2020-09-25 23:47:17,2.139s,PASSED
"click(findTestObject(""Object Repository/Page_Tunescribers  Worlds Finest Music Tran_77530f/a_Login""))",Chrome 85.0.4183.102,,,2020-09-25 23:47:17,2020-09-25 23:47:20,3.486s,PASSED
"setText(findTestObject(""Object Repository/Page_Tunescribers  Login/input_Please enter email and password_username""), ""muhammad.danyal@cooperativecomputing.com"")",Chrome 85.0.4183.102,,,2020-09-25 23:47:20,2020-09-25 23:47:21,0.667s,PASSED
"setEncryptedText(findTestObject(""Object Repository/Page_Tunescribers  Login/input_Please enter email and password_password""), ""he6LtG7CITvGDhmDyKTJqw=="")",Chrome 85.0.4183.102,,,2020-09-25 23:47:21,2020-09-25 23:47:21,0.398s,PASSED
"click(findTestObject(""Object Repository/Page_Tunescribers  Login/input_Forgot your password_button text-cent_363f13""))",Chrome 85.0.4183.102,,,2020-09-25 23:47:21,2020-09-25 23:47:24,3.265s,PASSED
"click(findTestObject(""Object Repository/Page_Tunescribers  Customer Dashboard/a_Songs for Sale""))",Chrome 85.0.4183.102,,,2020-09-25 23:47:24,2020-09-25 23:47:28,3.557s,PASSED
"navigateToUrl(""https://uat.tunescribers.com/catalog"")",Chrome 85.0.4183.102,,,2020-09-25 23:47:28,2020-09-25 23:47:30,1.719s,PASSED
"click(findTestObject(""Object Repository/Page_Tunescribers  Songs For Sale/u_Karakoram - Toofaan""))",Chrome 85.0.4183.102,,,2020-09-25 23:47:30,2020-09-25 23:47:31,0.879s,PASSED
"switchToWindowTitle(""Tunescribers | Karakoram - Toofaan | Sheet Music"")",Chrome 85.0.4183.102,,,2020-09-25 23:47:31,2020-09-25 23:47:36,5.677s,PASSED
"click(findTestObject(""Object Repository/Page_Tunescribers  Karakoram - Toofaan  She_e70c6a/img_Check out todays special deals_cartButtons""))",Chrome 85.0.4183.102,,,2020-09-25 23:47:36,2020-09-25 23:47:39,3.108s,PASSED
"click(findTestObject(""Page_Tunescribers  Cart/a_Checkout""))",Chrome 85.0.4183.102,,,2020-09-25 23:47:39,2020-09-25 23:47:42,2.734s,PASSED
"setText(findTestObject(""Page_Tunescribers  Checkout/input_Paypal_number""), ""4242424242424242"")",Chrome 85.0.4183.102,,,2020-09-25 23:47:42,2020-09-25 23:47:43,1.157s,PASSED
"setText(findTestObject(""Page_Tunescribers  Checkout/input_Paypal_security""), ""123"")",Chrome 85.0.4183.102,,,2020-09-25 23:47:43,2020-09-25 23:47:44,0.395s,PASSED
"setText(findTestObject(""Page_Tunescribers  Checkout/input_Paypal_name""), ""Danyal"")",Chrome 85.0.4183.102,,,2020-09-25 23:47:44,2020-09-25 23:47:44,0.393s,PASSED
"selectOptionByValue(findTestObject(""Page_Tunescribers  Checkout/select_Exp Month123456789101112""), ""12"", true)",Chrome 85.0.4183.102,,,2020-09-25 23:47:44,2020-09-25 23:47:45,1.359s,PASSED
"selectOptionByValue(findTestObject(""Page_Tunescribers  Checkout/select_Exp Year2020202120222023202420252026_a03cde""), ""2028"", true)",Chrome 85.0.4183.102,,,2020-09-25 23:47:45,2020-09-25 23:47:46,1.028s,PASSED
"checkoutSubmit = findWebElement(findTestObject(""Object Repository/Page_Tunescribers  Checkout/input_Previous_submit""), 30)",Chrome 85.0.4183.102,,,2020-09-25 23:47:46,2020-09-25 23:47:47,0.278s,PASSED
"executeJavaScript(""arguments[0].click()"", Arrays.asList(checkoutSubmit))",Chrome 85.0.4183.102,,,2020-09-25 23:47:47,2020-09-25 23:47:54,7.062s,PASSED
closeBrowser(),Chrome 85.0.4183.102,,,2020-09-25 23:47:54,2020-09-25 23:47:54,0.724s,PASSED
,,,,,,,
Test Cases/Automated Song For Sale Order Using Points,Chrome 85.0.4183.102,"Id: Muhammad Danyal
Payment Method: Points",,2020-09-25 23:47:54,2020-09-25 23:48:42,47.476s,PASSED
"openBrowser(""https://uat.tunescribers.com/"")",Chrome 85.0.4183.102,,,2020-09-25 23:47:55,2020-09-25 23:48:05,9.964s,PASSED
maximizeWindow(),Chrome 85.0.4183.102,,,2020-09-25 23:48:05,2020-09-25 23:48:07,2.127s,PASSED
"click(findTestObject(""Object Repository/a_Login""))",Chrome 85.0.4183.102,,,2020-09-25 23:48:07,2020-09-25 23:48:11,3.760s,PASSED
"setText(findTestObject(""Object Repository/Page_Tunescribers  Login/input_Please enter email and password_username""), ""muhammad.danyal@cooperativecomputing.com"")",Chrome 85.0.4183.102,,,2020-09-25 23:48:11,2020-09-25 23:48:11,0.665s,PASSED
"setEncryptedText(findTestObject(""Object Repository/Page_Tunescribers  Login/input_Please enter email and password_password""), ""he6LtG7CITvGDhmDyKTJqw=="")",Chrome 85.0.4183.102,,,2020-09-25 23:48:11,2020-09-25 23:48:12,0.823s,PASSED
"click(findTestObject(""Object Repository/Page_Tunescribers  Login/input_Forgot your password_button text-cent_363f13""))",Chrome 85.0.4183.102,,,2020-09-25 23:48:12,2020-09-25 23:48:15,2.945s,PASSED
"click(findTestObject(""Object Repository/Page_Tunescribers  Customer Dashboard/a_Songs for Sale""))",Chrome 85.0.4183.102,,,2020-09-25 23:48:15,2020-09-25 23:48:20,4.586s,PASSED
"navigateToUrl(""https://uat.tunescribers.com/catalog"")",Chrome 85.0.4183.102,,,2020-09-25 23:48:20,2020-09-25 23:48:22,1.956s,PASSED
"click(findTestObject(""Object Repository/Page_Tunescribers  Songs For Sale/u_Karakoram - Toofaan""))",Chrome 85.0.4183.102,,,2020-09-25 23:48:22,2020-09-25 23:48:23,0.996s,PASSED
"switchToWindowTitle(""Tunescribers | Karakoram - Toofaan | Sheet Music"")",Chrome 85.0.4183.102,,,2020-09-25 23:48:23,2020-09-25 23:48:28,5.185s,PASSED
"click(findTestObject(""Object Repository/img_000_cartButtons""))",Chrome 85.0.4183.102,,,2020-09-25 23:48:28,2020-09-25 23:48:31,3.321s,PASSED
"click(findTestObject(""Page_Tunescribers  Cart/a_Checkout""))",Chrome 85.0.4183.102,,,2020-09-25 23:48:31,2020-09-25 23:48:35,4.056s,PASSED
"checkoutSubmit = findWebElement(findTestObject(""Object Repository/Page_Tunescribers  Checkout/input_Previous_submit""), 30)",Chrome 85.0.4183.102,,,2020-09-25 23:48:35,2020-09-25 23:48:36,1.015s,PASSED
"executeJavaScript(""arguments[0].click()"", Arrays.asList(checkoutSubmit))",Chrome 85.0.4183.102,,,2020-09-25 23:48:36,2020-09-25 23:48:41,4.913s,PASSED
closeBrowser(),Chrome 85.0.4183.102,,,2020-09-25 23:48:41,2020-09-25 23:48:42,0.885s,PASSED
,,,,,,,
Test Cases/Automated Song For Sale Order Using Coupon Code,Chrome 85.0.4183.102,,,2020-09-25 23:48:42,2020-09-25 23:49:34,52.196s,PASSED
"openBrowser(""https://uat.tunescribers.com/"")",Chrome 85.0.4183.102,,,2020-09-25 23:48:42,2020-09-25 23:48:55,13.102s,PASSED
maximizeWindow(),Chrome 85.0.4183.102,,,2020-09-25 23:48:55,2020-09-25 23:48:58,2.128s,PASSED
"click(findTestObject(""Object Repository/Page_Tunescribers  Worlds Finest Music Tran_77530f/a_Login""))",Chrome 85.0.4183.102,,,2020-09-25 23:48:58,2020-09-25 23:49:02,4.032s,PASSED
"setText(findTestObject(""Object Repository/Page_Tunescribers  Login/input_Please enter email and password_username""), ""muhammad.danyal@cooperativecomputing.com"")",Chrome 85.0.4183.102,,,2020-09-25 23:49:02,2020-09-25 23:49:02,0.663s,PASSED
"setEncryptedText(findTestObject(""Object Repository/Page_Tunescribers  Login/input_Please enter email and password_password""), ""he6LtG7CITvGDhmDyKTJqw=="")",Chrome 85.0.4183.102,,,2020-09-25 23:49:02,2020-09-25 23:49:03,0.564s,PASSED
"click(findTestObject(""Object Repository/Page_Tunescribers  Login/input_Forgot your password_button text-cent_363f13""))",Chrome 85.0.4183.102,,,2020-09-25 23:49:03,2020-09-25 23:49:06,3.137s,PASSED
"click(findTestObject(""Object Repository/Page_Tunescribers  Customer Dashboard/a_Songs for Sale""))",Chrome 85.0.4183.102,,,2020-09-25 23:49:06,2020-09-25 23:49:10,3.843s,PASSED
"navigateToUrl(""https://uat.tunescribers.com/catalog"")",Chrome 85.0.4183.102,,,2020-09-25 23:49:10,2020-09-25 23:49:12,2.690s,PASSED
"click(findTestObject(""Object Repository/Page_Tunescribers  Songs For Sale/u_Karakoram - Toofaan""))",Chrome 85.0.4183.102,,,2020-09-25 23:49:12,2020-09-25 23:49:13,0.898s,PASSED
"switchToWindowTitle(""Tunescribers | Karakoram - Toofaan | Sheet Music"")",Chrome 85.0.4183.102,,,2020-09-25 23:49:13,2020-09-25 23:49:18,4.882s,PASSED
"click(findTestObject(""Object Repository/Page_Tunescribers  Karakoram - Toofaan  She_e70c6a/img_Check out todays special deals_cartButtons""))",Chrome 85.0.4183.102,,,2020-09-25 23:49:18,2020-09-25 23:49:22,4.155s,PASSED
"click(findTestObject(""Page_Tunescribers  Cart/a_Checkout""))",Chrome 85.0.4183.102,,,2020-09-25 23:49:22,2020-09-25 23:49:26,3.300s,PASSED
"setText(findTestObject(""Object Repository/input_Discount Code_discount""), ""madiha"")",Chrome 85.0.4183.102,,,2020-09-25 23:49:26,2020-09-25 23:49:27,1.229s,PASSED
"click(findTestObject(""Object Repository/button_Validate Code""))",Chrome 85.0.4183.102,,,2020-09-25 23:49:27,2020-09-25 23:49:27,0.326s,PASSED
"checkoutSubmit = findWebElement(findTestObject(""Object Repository/Page_Tunescribers  Checkout/input_Previous_submit""), 30)",Chrome 85.0.4183.102,,,2020-09-25 23:49:27,2020-09-25 23:49:29,1.637s,PASSED
"executeJavaScript(""arguments[0].click()"", Arrays.asList(checkoutSubmit))",Chrome 85.0.4183.102,,,2020-09-25 23:49:29,2020-09-25 23:49:33,4.566s,PASSED
closeBrowser(),Chrome 85.0.4183.102,,,2020-09-25 23:49:33,2020-09-25 23:49:34,0.736s,PASSED
,,,,,,,
Test Cases/Automated Product Code Order,Chrome 85.0.4183.102,"ID: Muhammad Danyal
Payment Method: Credit Card
Product Code: https://uat.tunescribers.com/product-code/threedollar",,2020-09-25 23:49:34,2020-09-25 23:50:17,43.180s,PASSED
"openBrowser(""https://uat.tunescribers.com/product-code/threedollar"")",Chrome 85.0.4183.102,,,2020-09-25 23:49:35,2020-09-25 23:49:42,7.823s,PASSED
maximizeWindow(),Chrome 85.0.4183.102,,,2020-09-25 23:49:42,2020-09-25 23:49:45,2.130s,PASSED
"setText(findTestObject(""Page_Tunescribers  Step/input_Song title_title""), ""Automated Product Code Song"")",Chrome 85.0.4183.102,,,2020-09-25 23:49:45,2020-09-25 23:49:45,0.445s,PASSED
"setText(findTestObject(""Page_Tunescribers  Step/input_Written by_author_name""), ""Muhammad Danyal"")",Chrome 85.0.4183.102,,,2020-09-25 23:49:45,2020-09-25 23:49:45,0.397s,PASSED
"setText(findTestObject(""Page_Tunescribers  Step/input_Performed by_performer""), ""Muhammad Danyal"")",Chrome 85.0.4183.102,,,2020-09-25 23:49:45,2020-09-25 23:49:46,0.395s,PASSED
"aNext = findWebElement(findTestObject(""Page_Tunescribers  Step/a_Next""), 30)",Chrome 85.0.4183.102,,,2020-09-25 23:49:46,2020-09-25 23:49:46,0.274s,PASSED
"executeJavaScript(""arguments[0].click()"", Arrays.asList(aNext))",Chrome 85.0.4183.102,,,2020-09-25 23:49:46,2020-09-25 23:49:46,0.078s,PASSED
"click(findTestObject(""Page_Tunescribers  Step/a_Next_1""))",Chrome 85.0.4183.102,,,2020-09-25 23:49:46,2020-09-25 23:49:47,0.706s,PASSED
"click(findTestObject(""Page_Tunescribers  Step/input_I agree to the above and to theand_terms""))",Chrome 85.0.4183.102,,,2020-09-25 23:49:47,2020-09-25 23:49:47,0.666s,PASSED
"click(findTestObject(""Page_Tunescribers  Step/a_Continue to Checkout""))",Chrome 85.0.4183.102,,,2020-09-25 23:49:47,2020-09-25 23:49:51,3.167s,PASSED
"navigateToUrl(""https://uat.tunescribers.com/video-cart"")",Chrome 85.0.4183.102,,,2020-09-25 23:49:51,2020-09-25 23:49:53,2.410s,PASSED
"click(findTestObject(""Page_Tunescribers  Cart/a_Checkout""))",Chrome 85.0.4183.102,,,2020-09-25 23:49:53,2020-09-25 23:50:02,8.487s,PASSED
"setText(findTestObject(""Page_Tunescribers  Checkout/input_Please enter email and password_username""), ""muhammad.danyal@cooperativecomputing.com"")",Chrome 85.0.4183.102,,,2020-09-25 23:50:02,2020-09-25 23:50:03,1.258s,PASSED
"setEncryptedText(findTestObject(""Page_Tunescribers  Checkout/input_Please enter email and password_password""), ""he6LtG7CITvGDhmDyKTJqw=="")",Chrome 85.0.4183.102,,,2020-09-25 23:50:03,2020-09-25 23:50:03,0.383s,PASSED
"click(findTestObject(""Page_Tunescribers  Checkout/input_Forgot your password_btn button text-_9d5dbf""))",Chrome 85.0.4183.102,,,2020-09-25 23:50:03,2020-09-25 23:50:06,3.207s,PASSED
"setText(findTestObject(""Page_Tunescribers  Checkout/input_Paypal_number""), ""4242424242424242"")",Chrome 85.0.4183.102,,,2020-09-25 23:50:06,2020-09-25 23:50:08,1.145s,PASSED
"setText(findTestObject(""Page_Tunescribers  Checkout/input_Paypal_security""), ""123"")",Chrome 85.0.4183.102,,,2020-09-25 23:50:08,2020-09-25 23:50:08,0.386s,PASSED
"setText(findTestObject(""Page_Tunescribers  Checkout/input_Paypal_name""), ""Danyal"")",Chrome 85.0.4183.102,,,2020-09-25 23:50:08,2020-09-25 23:50:08,0.370s,PASSED
"selectOptionByValue(findTestObject(""Page_Tunescribers  Checkout/select_Exp Month123456789101112""), ""12"", true)",Chrome 85.0.4183.102,,,2020-09-25 23:50:08,2020-09-25 23:50:09,1.171s,PASSED
"selectOptionByValue(findTestObject(""Page_Tunescribers  Checkout/select_Exp Year2020202120222023202420252026_a03cde""), ""2028"", true)",Chrome 85.0.4183.102,,,2020-09-25 23:50:09,2020-09-25 23:50:10,1.002s,PASSED
"checkoutSubmit = findWebElement(findTestObject(""Object Repository/Page_Tunescribers  Checkout/input_Previous_submit""), 30)",Chrome 85.0.4183.102,,,2020-09-25 23:50:10,2020-09-25 23:50:11,0.273s,PASSED
"executeJavaScript(""arguments[0].click()"", Arrays.asList(checkoutSubmit))",Chrome 85.0.4183.102,,,2020-09-25 23:50:11,2020-09-25 23:50:17,5.941s,PASSED
closeBrowser(),Chrome 85.0.4183.102,,,2020-09-25 23:50:17,2020-09-25 23:50:17,0.682s,PASSED
,,,,,,,
Test Cases/Automated Product Code Order Using Coupon code,Chrome 85.0.4183.102,,,2020-09-25 23:50:17,2020-09-25 23:51:01,43.149s,PASSED
"openBrowser(""https://uat.tunescribers.com/product-code/threedollar"")",Chrome 85.0.4183.102,,,2020-09-25 23:50:18,2020-09-25 23:50:26,7.965s,PASSED
maximizeWindow(),Chrome 85.0.4183.102,,,2020-09-25 23:50:26,2020-09-25 23:50:28,2.132s,PASSED
"setText(findTestObject(""Page_Tunescribers  Step/input_Song title_title""), ""Automated Product Code Song"")",Chrome 85.0.4183.102,,,2020-09-25 23:50:28,2020-09-25 23:50:28,0.469s,PASSED
"setText(findTestObject(""Page_Tunescribers  Step/input_Written by_author_name""), ""Muhammad Danyal"")",Chrome 85.0.4183.102,,,2020-09-25 23:50:28,2020-09-25 23:50:29,0.440s,PASSED
"setText(findTestObject(""Page_Tunescribers  Step/input_Performed by_performer""), ""Muhammad Danyal"")",Chrome 85.0.4183.102,,,2020-09-25 23:50:29,2020-09-25 23:50:29,0.424s,PASSED
"aNext = findWebElement(findTestObject(""Page_Tunescribers  Step/a_Next""), 30)",Chrome 85.0.4183.102,,,2020-09-25 23:50:29,2020-09-25 23:50:29,0.296s,PASSED
"executeJavaScript(""arguments[0].click()"", Arrays.asList(aNext))",Chrome 85.0.4183.102,,,2020-09-25 23:50:29,2020-09-25 23:50:29,0.082s,PASSED
"click(findTestObject(""Page_Tunescribers  Step/a_Next_1""))",Chrome 85.0.4183.102,,,2020-09-25 23:50:29,2020-09-25 23:50:30,0.714s,PASSED
"click(findTestObject(""Page_Tunescribers  Step/input_I agree to the above and to theand_terms""))",Chrome 85.0.4183.102,,,2020-09-25 23:50:30,2020-09-25 23:50:31,0.768s,PASSED
"click(findTestObject(""Page_Tunescribers  Step/a_Continue to Checkout""))",Chrome 85.0.4183.102,,,2020-09-25 23:50:31,2020-09-25 23:50:35,3.570s,PASSED
"navigateToUrl(""https://uat.tunescribers.com/video-cart"")",Chrome 85.0.4183.102,,,2020-09-25 23:50:35,2020-09-25 23:50:37,2.582s,PASSED
"click(findTestObject(""Page_Tunescribers  Cart/a_Checkout""))",Chrome 85.0.4183.102,,,2020-09-25 23:50:37,2020-09-25 23:50:47,9.940s,PASSED
"setText(findTestObject(""Page_Tunescribers  Checkout/input_Please enter email and password_username""), ""muhammad.danyal@cooperativecomputing.com"")",Chrome 85.0.4183.102,,,2020-09-25 23:50:47,2020-09-25 23:50:48,1.268s,PASSED
"setEncryptedText(findTestObject(""Page_Tunescribers  Checkout/input_Please enter email and password_password""), ""he6LtG7CITvGDhmDyKTJqw=="")",Chrome 85.0.4183.102,,,2020-09-25 23:50:48,2020-09-25 23:50:49,0.397s,PASSED
"click(findTestObject(""Page_Tunescribers  Checkout/input_Forgot your password_btn button text-_9d5dbf""))",Chrome 85.0.4183.102,,,2020-09-25 23:50:49,2020-09-25 23:50:52,3.269s,PASSED
"setText(findTestObject(""Object Repository/input_Discount Code_discount""), ""madiha"")",Chrome 85.0.4183.102,,,2020-09-25 23:50:52,2020-09-25 23:50:53,1.215s,PASSED
"click(findTestObject(""Object Repository/button_Validate Code""))",Chrome 85.0.4183.102,,,2020-09-25 23:50:53,2020-09-25 23:50:53,0.323s,PASSED
"checkoutSubmit = findWebElement(findTestObject(""Object Repository/Page_Tunescribers  Checkout/input_Previous_submit""), 30)",Chrome 85.0.4183.102,,,2020-09-25 23:50:53,2020-09-25 23:50:55,1.541s,PASSED
"executeJavaScript(""arguments[0].click()"", Arrays.asList(checkoutSubmit))",Chrome 85.0.4183.102,,,2020-09-25 23:50:55,2020-09-25 23:51:00,4.788s,PASSED
closeBrowser(),Chrome 85.0.4183.102,,,2020-09-25 23:51:00,2020-09-25 23:51:01,0.677s,PASSED
