Suite/Test/Step Name,Browser,Description,Tag,Start time,End time,Duration,Status
Tunescribers,Chrome 85.0.4183.102,,,2020-09-16 19:41:57,2020-09-16 19:44:34,2m - 37.183s,FAILED
,,,,,,,
Test Cases/Automated Youtube Song Order,Chrome 85.0.4183.102,"ID: Muhammad Danyal
Rush Job: No
Payment Method: Credit Card",,2020-09-16 19:41:57,2020-09-16 19:42:38,40.827s,FAILED
"openBrowser(""https://uat.tunescribers.com/"")",Chrome 85.0.4183.102,,,2020-09-16 19:41:58,2020-09-16 19:42:14,16.497s,PASSED
maximizeWindow(),Chrome 85.0.4183.102,,,2020-09-16 19:42:14,2020-09-16 19:42:16,2.185s,PASSED
"click(findTestObject(""Object Repository/Page_Tunescribers  Worlds Finest Music Tran_77530f/a_Login""))",Chrome 85.0.4183.102,,,2020-09-16 19:42:16,2020-09-16 19:42:21,4.059s,PASSED
"setText(findTestObject(""Object Repository/Page_Tunescribers  Login/input_Please enter email and password_username""), ""muhammad.danyal@cooperativecomputing.com"")",Chrome 85.0.4183.102,,,2020-09-16 19:42:21,2020-09-16 19:42:21,0.667s,PASSED
"setEncryptedText(findTestObject(""Object Repository/Page_Tunescribers  Login/input_Please enter email and password_password""), ""he6LtG7CITvGDhmDyKTJqw=="")",Chrome 85.0.4183.102,,,2020-09-16 19:42:21,2020-09-16 19:42:22,0.508s,PASSED
"click(findTestObject(""Object Repository/Page_Tunescribers  Login/input_Forgot your password_button text-cent_363f13""))",Chrome 85.0.4183.102,,,2020-09-16 19:42:22,2020-09-16 19:42:24,2.542s,PASSED
"click(findTestObject(""Object Repository/Page_Tunescribers  Customer Dashboard/a_Home""))",Chrome 85.0.4183.102,,,2020-09-16 19:42:24,2020-09-16 19:42:28,3.611s,PASSED
"click(findTestObject(""Object Repository/Page_Tunescribers  Worlds Finest Music Tran_77530f/p_Examples httpsyoutubeQse0LMVAzBEhttpswwwy_9a24e6""))",Chrome 85.0.4183.102,,,2020-09-16 19:42:28,2020-09-16 19:42:28,0.465s,PASSED
"setText(findTestObject(""Object Repository/Page_Tunescribers  Worlds Finest Music Tran_77530f/input_Enter the songs YouTube web address_link""), ""https://www.youtube.com/watch?v=6jmnASVqZMU"")",Chrome 85.0.4183.102,,,2020-09-16 19:42:28,2020-09-16 19:42:29,0.909s,PASSED
"click(findTestObject(""Object Repository/Page_Tunescribers  Worlds Finest Music Tran_77530f/input_Enter the songs YouTube web address_b_4fcef0""))",Chrome 85.0.4183.102,,,2020-09-16 19:42:29,2020-09-16 19:42:30,0.445s,PASSED
delay(5),Chrome 85.0.4183.102,,,2020-09-16 19:42:30,2020-09-16 19:42:35,5.034s,PASSED
"click(findTestObject(""Object Repository/Page_Tunescribers  Worlds Finest Music Tran_77530f/input_Cancel_continue""))",Chrome 85.0.4183.102,,,2020-09-16 19:42:35,2020-09-16 19:42:37,2.331s,PASSED
"click(findTestObject(""Object Repository/Page_Tunescribers  Step/a_Next""))",Chrome 85.0.4183.102,,,2020-09-16 19:42:37,2020-09-16 19:42:38,0.844s,FAILED
,,,,,,,
Test Cases/Automated Song for Sale Order,Chrome 85.0.4183.102,"Id: Muhammad Danyal
Payment Method: Credit Card",,2020-09-16 19:42:38,2020-09-16 19:43:46,1m - 8.449s,PASSED
"openBrowser(""https://uat.tunescribers.com/"")",Chrome 85.0.4183.102,,,2020-09-16 19:42:38,2020-09-16 19:42:50,12.140s,PASSED
maximizeWindow(),Chrome 85.0.4183.102,,,2020-09-16 19:42:50,2020-09-16 19:42:53,2.146s,PASSED
"click(findTestObject(""Object Repository/Page_Tunescribers  Worlds Finest Music Tran_77530f/a_Login""))",Chrome 85.0.4183.102,,,2020-09-16 19:42:53,2020-09-16 19:42:57,4.798s,PASSED
"setText(findTestObject(""Object Repository/Page_Tunescribers  Login/input_Please enter email and password_username""), ""muhammad.danyal@cooperativecomputing.com"")",Chrome 85.0.4183.102,,,2020-09-16 19:42:57,2020-09-16 19:42:58,0.790s,PASSED
"setEncryptedText(findTestObject(""Object Repository/Page_Tunescribers  Login/input_Please enter email and password_password""), ""he6LtG7CITvGDhmDyKTJqw=="")",Chrome 85.0.4183.102,,,2020-09-16 19:42:58,2020-09-16 19:42:59,0.650s,PASSED
"click(findTestObject(""Object Repository/Page_Tunescribers  Login/input_Forgot your password_button text-cent_363f13""))",Chrome 85.0.4183.102,,,2020-09-16 19:42:59,2020-09-16 19:43:04,5.242s,PASSED
"click(findTestObject(""Object Repository/Page_Tunescribers  Customer Dashboard/a_Songs for Sale""))",Chrome 85.0.4183.102,,,2020-09-16 19:43:04,2020-09-16 19:43:10,5.885s,PASSED
"navigateToUrl(""https://uat.tunescribers.com/catalog"")",Chrome 85.0.4183.102,,,2020-09-16 19:43:10,2020-09-16 19:43:14,3.848s,PASSED
"click(findTestObject(""Object Repository/Page_Tunescribers  Songs For Sale/u_Karakoram - Toofaan""))",Chrome 85.0.4183.102,,,2020-09-16 19:43:14,2020-09-16 19:43:17,2.876s,PASSED
"switchToWindowTitle(""Tunescribers | Karakoram - Toofaan | Sheet Music"")",Chrome 85.0.4183.102,,,2020-09-16 19:43:17,2020-09-16 19:43:28,10.905s,PASSED
"click(findTestObject(""Object Repository/Page_Tunescribers  Karakoram - Toofaan  She_e70c6a/img_Check out todays special deals_cartButtons""))",Chrome 85.0.4183.102,,,2020-09-16 19:43:28,2020-09-16 19:43:28,0.484s,PASSED
"click(findTestObject(""Page_Tunescribers  Cart/a_Checkout""))",Chrome 85.0.4183.102,,,2020-09-16 19:43:28,2020-09-16 19:43:35,6.453s,PASSED
"setText(findTestObject(""Page_Tunescribers  Checkout/input_Paypal_number""), ""4242424242424242"")",Chrome 85.0.4183.102,,,2020-09-16 19:43:35,2020-09-16 19:43:37,2.545s,PASSED
"setText(findTestObject(""Page_Tunescribers  Checkout/input_Paypal_security""), ""123"")",Chrome 85.0.4183.102,,,2020-09-16 19:43:37,2020-09-16 19:43:38,0.409s,PASSED
"setText(findTestObject(""Page_Tunescribers  Checkout/input_Paypal_name""), ""Danyal"")",Chrome 85.0.4183.102,,,2020-09-16 19:43:38,2020-09-16 19:43:38,0.629s,PASSED
"selectOptionByValue(findTestObject(""Page_Tunescribers  Checkout/select_Exp Month123456789101112""), ""12"", true)",Chrome 85.0.4183.102,,,2020-09-16 19:43:38,2020-09-16 19:43:39,1.133s,PASSED
"selectOptionByValue(findTestObject(""Page_Tunescribers  Checkout/select_Exp Year2020202120222023202420252026_a03cde""), ""2028"", true)",Chrome 85.0.4183.102,,,2020-09-16 19:43:39,2020-09-16 19:43:40,1.057s,PASSED
"checkoutSubmit = findWebElement(findTestObject(""Object Repository/Page_Tunescribers  Checkout/input_Previous_submit""), 30)",Chrome 85.0.4183.102,,,2020-09-16 19:43:40,2020-09-16 19:43:41,0.348s,PASSED
"executeJavaScript(""arguments[0].click()"", Arrays.asList(checkoutSubmit))",Chrome 85.0.4183.102,,,2020-09-16 19:43:41,2020-09-16 19:43:46,4.930s,PASSED
closeBrowser(),Chrome 85.0.4183.102,,,2020-09-16 19:43:46,2020-09-16 19:43:46,0.752s,PASSED
,,,,,,,
Test Cases/Automated Product Code Order,Chrome 85.0.4183.102,"Id: Muhammad Danyal
Payment Method: Credit Card
Product Code: https://uat.tunescribers.com/product-code/threedollar",,2020-09-16 19:43:46,2020-09-16 19:44:34,47.467s,PASSED
"openBrowser(""https://uat.tunescribers.com/product-code/threedollar"")",Chrome 85.0.4183.102,,,2020-09-16 19:43:47,2020-09-16 19:43:55,7.970s,PASSED
maximizeWindow(),Chrome 85.0.4183.102,,,2020-09-16 19:43:55,2020-09-16 19:43:57,2.132s,PASSED
"setText(findTestObject(""Page_Tunescribers  Step/input_Song title_title""), ""Automated Product Code Song"")",Chrome 85.0.4183.102,,,2020-09-16 19:43:57,2020-09-16 19:43:57,0.513s,PASSED
"setText(findTestObject(""Page_Tunescribers  Step/input_Written by_author_name""), ""Muhammad Danyal"")",Chrome 85.0.4183.102,,,2020-09-16 19:43:57,2020-09-16 19:43:58,0.464s,PASSED
"setText(findTestObject(""Page_Tunescribers  Step/input_Performed by_performer""), ""Muhammad Danyal"")",Chrome 85.0.4183.102,,,2020-09-16 19:43:58,2020-09-16 19:43:58,0.513s,PASSED
"aNext = findWebElement(findTestObject(""Page_Tunescribers  Step/a_Next""), 30)",Chrome 85.0.4183.102,,,2020-09-16 19:43:58,2020-09-16 19:43:59,0.305s,PASSED
"executeJavaScript(""arguments[0].click()"", Arrays.asList(aNext))",Chrome 85.0.4183.102,,,2020-09-16 19:43:59,2020-09-16 19:43:59,0.092s,PASSED
"click(findTestObject(""Page_Tunescribers  Step/a_Next_1""))",Chrome 85.0.4183.102,,,2020-09-16 19:43:59,2020-09-16 19:43:59,0.755s,PASSED
"click(findTestObject(""Page_Tunescribers  Step/input_I agree to the above and to theand_terms""))",Chrome 85.0.4183.102,,,2020-09-16 19:43:59,2020-09-16 19:44:00,0.721s,PASSED
"click(findTestObject(""Page_Tunescribers  Step/a_Continue to Checkout""))",Chrome 85.0.4183.102,,,2020-09-16 19:44:00,2020-09-16 19:44:03,2.867s,PASSED
"navigateToUrl(""https://uat.tunescribers.com/video-cart"")",Chrome 85.0.4183.102,,,2020-09-16 19:44:03,2020-09-16 19:44:05,2.406s,PASSED
"click(findTestObject(""Page_Tunescribers  Cart/a_Checkout""))",Chrome 85.0.4183.102,,,2020-09-16 19:44:05,2020-09-16 19:44:08,2.878s,PASSED
"setText(findTestObject(""Page_Tunescribers  Checkout/input_Please enter email and password_username""), ""muhammad.danyal@cooperativecomputing.com"")",Chrome 85.0.4183.102,,,2020-09-16 19:44:08,2020-09-16 19:44:10,1.365s,PASSED
"setEncryptedText(findTestObject(""Page_Tunescribers  Checkout/input_Please enter email and password_password""), ""he6LtG7CITvGDhmDyKTJqw=="")",Chrome 85.0.4183.102,,,2020-09-16 19:44:10,2020-09-16 19:44:10,0.381s,PASSED
"click(findTestObject(""Page_Tunescribers  Checkout/input_Forgot your password_btn button text-_9d5dbf""))",Chrome 85.0.4183.102,,,2020-09-16 19:44:10,2020-09-16 19:44:13,2.618s,PASSED
"setText(findTestObject(""Page_Tunescribers  Checkout/input_Paypal_number""), ""4242424242424242"")",Chrome 85.0.4183.102,,,2020-09-16 19:44:13,2020-09-16 19:44:14,1.344s,PASSED
"setText(findTestObject(""Page_Tunescribers  Checkout/input_Paypal_security""), ""123"")",Chrome 85.0.4183.102,,,2020-09-16 19:44:14,2020-09-16 19:44:14,0.399s,PASSED
"setText(findTestObject(""Page_Tunescribers  Checkout/input_Paypal_name""), ""Danyal"")",Chrome 85.0.4183.102,,,2020-09-16 19:44:14,2020-09-16 19:44:15,0.393s,PASSED
"selectOptionByValue(findTestObject(""Page_Tunescribers  Checkout/select_Exp Month123456789101112""), ""12"", true)",Chrome 85.0.4183.102,,,2020-09-16 19:44:15,2020-09-16 19:44:16,1.594s,PASSED
"selectOptionByValue(findTestObject(""Page_Tunescribers  Checkout/select_Exp Year2020202120222023202420252026_a03cde""), ""2028"", true)",Chrome 85.0.4183.102,,,2020-09-16 19:44:16,2020-09-16 19:44:17,1.019s,PASSED
"checkoutSubmit = findWebElement(findTestObject(""Object Repository/Page_Tunescribers  Checkout/input_Previous_submit""), 30)",Chrome 85.0.4183.102,,,2020-09-16 19:44:17,2020-09-16 19:44:18,0.293s,PASSED
"executeJavaScript(""arguments[0].click()"", Arrays.asList(checkoutSubmit))",Chrome 85.0.4183.102,,,2020-09-16 19:44:18,2020-09-16 19:44:33,14.999s,PASSED
closeBrowser(),Chrome 85.0.4183.102,,,2020-09-16 19:44:33,2020-09-16 19:44:34,1.097s,PASSED
