Suite/Test/Step Name,Browser,Description,Tag,Start time,End time,Duration,Status
Tunescribers,Chrome 85.0.4183.102,,,2020-09-26 00:25:37,2020-09-26 00:40:15,14m - 37.928s,PASSED
,,,,,,,
Test Cases/Automated Youtube Song Order,Chrome 85.0.4183.102,"ID: Muhammad Danyal
Rush Job: No
Payment Method: Credit Card",,2020-09-26 00:25:38,2020-09-26 00:28:06,2m - 27.811s,PASSED
"openBrowser(""https://uat.tunescribers.com/"")",Chrome 85.0.4183.102,,,2020-09-26 00:25:39,2020-09-26 00:26:12,33.050s,PASSED
maximizeWindow(),Chrome 85.0.4183.102,,,2020-09-26 00:26:12,2020-09-26 00:26:14,2.158s,PASSED
"click(findTestObject(""Object Repository/Page_Tunescribers  Worlds Finest Music Tran_77530f/a_Login""))",Chrome 85.0.4183.102,,,2020-09-26 00:26:14,2020-09-26 00:26:33,19.069s,PASSED
"setText(findTestObject(""Object Repository/Page_Tunescribers  Login/input_Please enter email and password_username""), ""muhammad.danyal@cooperativecomputing.com"")",Chrome 85.0.4183.102,,,2020-09-26 00:26:33,2020-09-26 00:26:34,0.624s,PASSED
"setEncryptedText(findTestObject(""Object Repository/Page_Tunescribers  Login/input_Please enter email and password_password""), ""he6LtG7CITvGDhmDyKTJqw=="")",Chrome 85.0.4183.102,,,2020-09-26 00:26:34,2020-09-26 00:26:34,0.495s,PASSED
"click(findTestObject(""Object Repository/Page_Tunescribers  Login/input_Forgot your password_button text-cent_363f13""))",Chrome 85.0.4183.102,,,2020-09-26 00:26:34,2020-09-26 00:26:43,8.835s,PASSED
"click(findTestObject(""Object Repository/Page_Tunescribers  Customer Dashboard/a_Home""))",Chrome 85.0.4183.102,,,2020-09-26 00:26:43,2020-09-26 00:27:20,37.380s,PASSED
"click(findTestObject(""Object Repository/Page_Tunescribers  Worlds Finest Music Tran_77530f/p_Examples httpsyoutubeQse0LMVAzBEhttpswwwy_9a24e6""))",Chrome 85.0.4183.102,,,2020-09-26 00:27:20,2020-09-26 00:27:21,0.619s,PASSED
"setText(findTestObject(""Object Repository/Page_Tunescribers  Worlds Finest Music Tran_77530f/input_Enter the songs YouTube web address_link""), ""https://www.youtube.com/watch?v=6jmnASVqZMU"")",Chrome 85.0.4183.102,,,2020-09-26 00:27:21,2020-09-26 00:27:22,0.698s,PASSED
"click(findTestObject(""Object Repository/Page_Tunescribers  Worlds Finest Music Tran_77530f/input_Enter the songs YouTube web address_b_4fcef0""))",Chrome 85.0.4183.102,,,2020-09-26 00:27:22,2020-09-26 00:27:22,0.662s,PASSED
delay(5),Chrome 85.0.4183.102,,,2020-09-26 00:27:22,2020-09-26 00:27:27,5.038s,PASSED
"click(findTestObject(""Object Repository/Page_Tunescribers  Worlds Finest Music Tran_77530f/input_Cancel_continue""))",Chrome 85.0.4183.102,,,2020-09-26 00:27:27,2020-09-26 00:27:33,5.425s,PASSED
"click(findTestObject(""Page_Tunescribers  Step/a-Next_Youtube""))",Chrome 85.0.4183.102,,,2020-09-26 00:27:33,2020-09-26 00:27:34,0.849s,PASSED
"click(findTestObject(""Object Repository/Page_Tunescribers  Step/label_I own the copyright""))",Chrome 85.0.4183.102,,,2020-09-26 00:27:34,2020-09-26 00:27:35,0.997s,PASSED
"setText(findTestObject(""Object Repository/Page_Tunescribers  Step/input_I own the copyright_copyrightfield""), ""Automated Copyright"")",Chrome 85.0.4183.102,,,2020-09-26 00:27:35,2020-09-26 00:27:35,0.681s,PASSED
"click(findTestObject(""Page_Tunescribers  Step/a_Next_1_Youtube""))",Chrome 85.0.4183.102,,,2020-09-26 00:27:35,2020-09-26 00:27:36,0.737s,PASSED
"doubleClick(findTestObject(""Object Repository/Page_Tunescribers  Step/input_Song title_title""))",Chrome 85.0.4183.102,,,2020-09-26 00:27:36,2020-09-26 00:27:37,0.925s,PASSED
"setText(findTestObject(""Object Repository/Page_Tunescribers  Step/input_Song title_title""), ""Automated Youtube Song"")",Chrome 85.0.4183.102,,,2020-09-26 00:27:37,2020-09-26 00:27:38,0.599s,PASSED
"click(findTestObject(""Page_Tunescribers  Step/a_Next_1_2_Youtube""))",Chrome 85.0.4183.102,,,2020-09-26 00:27:38,2020-09-26 00:27:38,0.414s,PASSED
"click(findTestObject(""Page_Tunescribers  Step/a_Next_1_2_3_Youtube""))",Chrome 85.0.4183.102,,,2020-09-26 00:27:38,2020-09-26 00:27:39,0.540s,PASSED
"click(findTestObject(""Object Repository/Page_Tunescribers  Step/input_I agree to the above and to theand_terms""))",Chrome 85.0.4183.102,,,2020-09-26 00:27:39,2020-09-26 00:27:39,0.843s,PASSED
"click(findTestObject(""Object Repository/Page_Tunescribers  Step/a_Continue to Checkout""))",Chrome 85.0.4183.102,,,2020-09-26 00:27:39,2020-09-26 00:27:43,3.967s,PASSED
"click(findTestObject(""Object Repository/Page_Tunescribers  Cart/a_Checkout""))",Chrome 85.0.4183.102,,,2020-09-26 00:27:43,2020-09-26 00:27:48,5.059s,PASSED
"setText(findTestObject(""Object Repository/Page_Tunescribers  Checkout/input_Paypal_number""), ""4242424242424242"")",Chrome 85.0.4183.102,,,2020-09-26 00:27:48,2020-09-26 00:27:50,1.521s,PASSED
"setText(findTestObject(""Object Repository/Page_Tunescribers  Checkout/input_Paypal_security""), ""123"")",Chrome 85.0.4183.102,,,2020-09-26 00:27:50,2020-09-26 00:27:51,0.601s,PASSED
"setText(findTestObject(""Object Repository/Page_Tunescribers  Checkout/input_Paypal_name""), ""Danyal"")",Chrome 85.0.4183.102,,,2020-09-26 00:27:51,2020-09-26 00:27:51,0.882s,PASSED
"selectOptionByValue(findTestObject(""Object Repository/Page_Tunescribers  Checkout/select_Exp Month123456789101112""), ""12"", true)",Chrome 85.0.4183.102,,,2020-09-26 00:27:51,2020-09-26 00:27:53,1.724s,PASSED
"selectOptionByValue(findTestObject(""Object Repository/Page_Tunescribers  Checkout/select_Exp Year2020202120222023202420252026_a03cde""), ""2028"", true)",Chrome 85.0.4183.102,,,2020-09-26 00:27:53,2020-09-26 00:27:55,1.838s,PASSED
"checkoutSubmit = findWebElement(findTestObject(""Object Repository/Page_Tunescribers  Checkout/input_Previous_submit""), 30)",Chrome 85.0.4183.102,,,2020-09-26 00:27:55,2020-09-26 00:27:55,0.367s,PASSED
"executeJavaScript(""arguments[0].click()"", Arrays.asList(checkoutSubmit))",Chrome 85.0.4183.102,,,2020-09-26 00:27:55,2020-09-26 00:28:05,9.614s,PASSED
closeBrowser(),Chrome 85.0.4183.102,,,2020-09-26 00:28:05,2020-09-26 00:28:06,0.751s,PASSED
,,,,,,,
Test Cases/Automated Youtube song Order Using Coupon Code,Chrome 85.0.4183.102,"ID: Muhammad Danyal
Rush Job: No
Coupon Code: madiha(100%)",,2020-09-26 00:28:06,2020-09-26 00:30:17,2m - 11.292s,PASSED
"openBrowser(""https://uat.tunescribers.com/"")",Chrome 85.0.4183.102,,,2020-09-26 00:28:06,2020-09-26 00:28:32,25.387s,PASSED
maximizeWindow(),Chrome 85.0.4183.102,,,2020-09-26 00:28:32,2020-09-26 00:28:34,2.181s,PASSED
"click(findTestObject(""Object Repository/Page_Tunescribers  Worlds Finest Music Tran_77530f/a_Login""))",Chrome 85.0.4183.102,,,2020-09-26 00:28:34,2020-09-26 00:28:45,11.195s,PASSED
"setText(findTestObject(""Object Repository/Page_Tunescribers  Login/input_Please enter email and password_username""), ""muhammad.danyal@cooperativecomputing.com"")",Chrome 85.0.4183.102,,,2020-09-26 00:28:45,2020-09-26 00:28:46,0.942s,PASSED
"setEncryptedText(findTestObject(""Object Repository/Page_Tunescribers  Login/input_Please enter email and password_password""), ""he6LtG7CITvGDhmDyKTJqw=="")",Chrome 85.0.4183.102,,,2020-09-26 00:28:46,2020-09-26 00:28:46,0.623s,PASSED
"click(findTestObject(""Object Repository/Page_Tunescribers  Login/input_Forgot your password_button text-cent_363f13""))",Chrome 85.0.4183.102,,,2020-09-26 00:28:46,2020-09-26 00:29:01,14.406s,PASSED
"click(findTestObject(""Object Repository/Page_Tunescribers  Customer Dashboard/a_Home""))",Chrome 85.0.4183.102,,,2020-09-26 00:29:01,2020-09-26 00:29:25,23.955s,PASSED
"click(findTestObject(""Object Repository/Page_Tunescribers  Worlds Finest Music Tran_77530f/p_Examples httpsyoutubeQse0LMVAzBEhttpswwwy_9a24e6""))",Chrome 85.0.4183.102,,,2020-09-26 00:29:25,2020-09-26 00:29:25,0.577s,PASSED
"setText(findTestObject(""Object Repository/Page_Tunescribers  Worlds Finest Music Tran_77530f/input_Enter the songs YouTube web address_link""), ""https://www.youtube.com/watch?v=6jmnASVqZMU"")",Chrome 85.0.4183.102,,,2020-09-26 00:29:25,2020-09-26 00:29:26,0.749s,PASSED
"click(findTestObject(""Object Repository/Page_Tunescribers  Worlds Finest Music Tran_77530f/input_Enter the songs YouTube web address_b_4fcef0""))",Chrome 85.0.4183.102,,,2020-09-26 00:29:26,2020-09-26 00:29:27,0.608s,PASSED
delay(5),Chrome 85.0.4183.102,,,2020-09-26 00:29:27,2020-09-26 00:29:32,5.005s,PASSED
"click(findTestObject(""Object Repository/Page_Tunescribers  Worlds Finest Music Tran_77530f/input_Cancel_continue""))",Chrome 85.0.4183.102,,,2020-09-26 00:29:32,2020-09-26 00:29:36,4.165s,PASSED
"click(findTestObject(""Object Repository/Page_Tunescribers  Step/a-Next_Youtube""))",Chrome 85.0.4183.102,,,2020-09-26 00:29:36,2020-09-26 00:29:37,0.644s,PASSED
"click(findTestObject(""Object Repository/Page_Tunescribers  Step/label_I own the copyright""))",Chrome 85.0.4183.102,,,2020-09-26 00:29:37,2020-09-26 00:29:37,0.644s,PASSED
"setText(findTestObject(""Object Repository/Page_Tunescribers  Step/input_I own the copyright_copyrightfield""), ""Automated Copyright"")",Chrome 85.0.4183.102,,,2020-09-26 00:29:37,2020-09-26 00:29:38,0.864s,PASSED
"click(findTestObject(""Object Repository/Page_Tunescribers  Step/a_Next_1_Youtube""))",Chrome 85.0.4183.102,,,2020-09-26 00:29:38,2020-09-26 00:29:39,0.674s,PASSED
"doubleClick(findTestObject(""Object Repository/Page_Tunescribers  Step/input_Song title_title""))",Chrome 85.0.4183.102,,,2020-09-26 00:29:39,2020-09-26 00:29:40,0.951s,PASSED
"setText(findTestObject(""Object Repository/Page_Tunescribers  Step/input_Song title_title""), ""Automated Youtube Song Using Coupon Code"")",Chrome 85.0.4183.102,,,2020-09-26 00:29:40,2020-09-26 00:29:40,0.574s,PASSED
"click(findTestObject(""Object Repository/Page_Tunescribers  Step/a_Next_1_2_Youtube""))",Chrome 85.0.4183.102,,,2020-09-26 00:29:40,2020-09-26 00:29:41,0.601s,PASSED
"click(findTestObject(""Object Repository/Page_Tunescribers  Step/a_Next_1_2_3_Youtube""))",Chrome 85.0.4183.102,,,2020-09-26 00:29:41,2020-09-26 00:29:42,0.620s,PASSED
"click(findTestObject(""Object Repository/Page_Tunescribers  Step/input_I agree to the above and to theand_terms""))",Chrome 85.0.4183.102,,,2020-09-26 00:29:42,2020-09-26 00:29:43,1.124s,PASSED
"click(findTestObject(""Object Repository/Page_Tunescribers  Step/a_Continue to Checkout""))",Chrome 85.0.4183.102,,,2020-09-26 00:29:43,2020-09-26 00:29:55,12.595s,PASSED
"click(findTestObject(""Object Repository/a_Checkout""))",Chrome 85.0.4183.102,,,2020-09-26 00:29:55,2020-09-26 00:30:03,7.492s,PASSED
"setText(findTestObject(""Object Repository/input_Discount Code_discount""), ""madiha"")",Chrome 85.0.4183.102,,,2020-09-26 00:30:03,2020-09-26 00:30:04,1.182s,PASSED
"click(findTestObject(""Object Repository/button_Validate Code""))",Chrome 85.0.4183.102,,,2020-09-26 00:30:04,2020-09-26 00:30:04,0.456s,PASSED
"checkoutSubmit = findWebElement(findTestObject(""Object Repository/Page_Tunescribers  Checkout/input_Previous_submit""), 30)",Chrome 85.0.4183.102,,,2020-09-26 00:30:04,2020-09-26 00:30:06,1.759s,PASSED
"executeJavaScript(""arguments[0].click()"", Arrays.asList(checkoutSubmit))",Chrome 85.0.4183.102,,,2020-09-26 00:30:06,2020-09-26 00:30:16,10.155s,PASSED
closeBrowser(),Chrome 85.0.4183.102,,,2020-09-26 00:30:16,2020-09-26 00:30:17,0.742s,PASSED
,,,,,,,
Test Cases/Automated Song for Sale Order,Chrome 85.0.4183.102,"ID: Muhammad Danyal
Payment Method: Credit Card",,2020-09-26 00:30:17,2020-09-26 00:32:53,2m - 35.444s,PASSED
"openBrowser(""https://uat.tunescribers.com/"")",Chrome 85.0.4183.102,,,2020-09-26 00:30:17,2020-09-26 00:31:03,45.609s,PASSED
maximizeWindow(),Chrome 85.0.4183.102,,,2020-09-26 00:31:03,2020-09-26 00:31:05,2.202s,PASSED
"click(findTestObject(""Object Repository/Page_Tunescribers  Worlds Finest Music Tran_77530f/a_Login""))",Chrome 85.0.4183.102,,,2020-09-26 00:31:05,2020-09-26 00:31:20,14.768s,PASSED
"setText(findTestObject(""Object Repository/Page_Tunescribers  Login/input_Please enter email and password_username""), ""muhammad.danyal@cooperativecomputing.com"")",Chrome 85.0.4183.102,,,2020-09-26 00:31:20,2020-09-26 00:31:21,0.771s,PASSED
"setEncryptedText(findTestObject(""Object Repository/Page_Tunescribers  Login/input_Please enter email and password_password""), ""he6LtG7CITvGDhmDyKTJqw=="")",Chrome 85.0.4183.102,,,2020-09-26 00:31:21,2020-09-26 00:31:21,0.502s,PASSED
"click(findTestObject(""Object Repository/Page_Tunescribers  Login/input_Forgot your password_button text-cent_363f13""))",Chrome 85.0.4183.102,,,2020-09-26 00:31:21,2020-09-26 00:31:27,5.956s,PASSED
"click(findTestObject(""Object Repository/Page_Tunescribers  Customer Dashboard/a_Songs for Sale""))",Chrome 85.0.4183.102,,,2020-09-26 00:31:27,2020-09-26 00:31:39,11.791s,PASSED
"navigateToUrl(""https://uat.tunescribers.com/catalog"")",Chrome 85.0.4183.102,,,2020-09-26 00:31:39,2020-09-26 00:31:44,5.216s,PASSED
"click(findTestObject(""Object Repository/Page_Tunescribers  Songs For Sale/u_Karakoram - Toofaan""))",Chrome 85.0.4183.102,,,2020-09-26 00:31:44,2020-09-26 00:31:45,1.037s,PASSED
"switchToWindowTitle(""Tunescribers | Karakoram - Toofaan | Sheet Music"")",Chrome 85.0.4183.102,,,2020-09-26 00:31:45,2020-09-26 00:32:24,38.745s,PASSED
"click(findTestObject(""Object Repository/Page_Tunescribers  Karakoram - Toofaan  She_e70c6a/img_Check out todays special deals_cartButtons""))",Chrome 85.0.4183.102,,,2020-09-26 00:32:24,2020-09-26 00:32:25,0.628s,PASSED
"click(findTestObject(""Page_Tunescribers  Cart/a_Checkout""))",Chrome 85.0.4183.102,,,2020-09-26 00:32:25,2020-09-26 00:32:30,5.426s,PASSED
"setText(findTestObject(""Page_Tunescribers  Checkout/input_Paypal_number""), ""4242424242424242"")",Chrome 85.0.4183.102,,,2020-09-26 00:32:30,2020-09-26 00:32:33,3.096s,PASSED
"setText(findTestObject(""Page_Tunescribers  Checkout/input_Paypal_security""), ""123"")",Chrome 85.0.4183.102,,,2020-09-26 00:32:33,2020-09-26 00:32:34,0.689s,PASSED
"setText(findTestObject(""Page_Tunescribers  Checkout/input_Paypal_name""), ""Danyal"")",Chrome 85.0.4183.102,,,2020-09-26 00:32:34,2020-09-26 00:32:35,0.596s,PASSED
"selectOptionByValue(findTestObject(""Page_Tunescribers  Checkout/select_Exp Month123456789101112""), ""12"", true)",Chrome 85.0.4183.102,,,2020-09-26 00:32:35,2020-09-26 00:32:37,2.558s,PASSED
"selectOptionByValue(findTestObject(""Page_Tunescribers  Checkout/select_Exp Year2020202120222023202420252026_a03cde""), ""2028"", true)",Chrome 85.0.4183.102,,,2020-09-26 00:32:37,2020-09-26 00:32:39,1.699s,PASSED
"checkoutSubmit = findWebElement(findTestObject(""Object Repository/Page_Tunescribers  Checkout/input_Previous_submit""), 30)",Chrome 85.0.4183.102,,,2020-09-26 00:32:39,2020-09-26 00:32:39,0.353s,PASSED
"executeJavaScript(""arguments[0].click()"", Arrays.asList(checkoutSubmit))",Chrome 85.0.4183.102,,,2020-09-26 00:32:39,2020-09-26 00:32:52,12.634s,PASSED
closeBrowser(),Chrome 85.0.4183.102,,,2020-09-26 00:32:52,2020-09-26 00:32:53,0.739s,PASSED
,,,,,,,
Test Cases/Automated Song For Sale Order Using Points,Chrome 85.0.4183.102,"Id: Muhammad Danyal
Payment Method: Points",,2020-09-26 00:32:53,2020-09-26 00:35:33,2m - 40.326s,PASSED
"openBrowser(""https://uat.tunescribers.com/"")",Chrome 85.0.4183.102,,,2020-09-26 00:32:53,2020-09-26 00:33:35,41.580s,PASSED
maximizeWindow(),Chrome 85.0.4183.102,,,2020-09-26 00:33:35,2020-09-26 00:33:37,2.182s,PASSED
"click(findTestObject(""Object Repository/a_Login""))",Chrome 85.0.4183.102,,,2020-09-26 00:33:37,2020-09-26 00:34:01,23.830s,PASSED
"setText(findTestObject(""Object Repository/Page_Tunescribers  Login/input_Please enter email and password_username""), ""muhammad.danyal@cooperativecomputing.com"")",Chrome 85.0.4183.102,,,2020-09-26 00:34:01,2020-09-26 00:34:02,0.789s,PASSED
"setEncryptedText(findTestObject(""Object Repository/Page_Tunescribers  Login/input_Please enter email and password_password""), ""he6LtG7CITvGDhmDyKTJqw=="")",Chrome 85.0.4183.102,,,2020-09-26 00:34:02,2020-09-26 00:34:02,0.670s,PASSED
"click(findTestObject(""Object Repository/Page_Tunescribers  Login/input_Forgot your password_button text-cent_363f13""))",Chrome 85.0.4183.102,,,2020-09-26 00:34:02,2020-09-26 00:34:08,5.921s,PASSED
"click(findTestObject(""Object Repository/Page_Tunescribers  Customer Dashboard/a_Songs for Sale""))",Chrome 85.0.4183.102,,,2020-09-26 00:34:08,2020-09-26 00:34:17,8.759s,PASSED
"navigateToUrl(""https://uat.tunescribers.com/catalog"")",Chrome 85.0.4183.102,,,2020-09-26 00:34:17,2020-09-26 00:34:21,4.465s,PASSED
"click(findTestObject(""Object Repository/Page_Tunescribers  Songs For Sale/u_Karakoram - Toofaan""))",Chrome 85.0.4183.102,,,2020-09-26 00:34:21,2020-09-26 00:34:22,1.100s,PASSED
"switchToWindowTitle(""Tunescribers | Karakoram - Toofaan | Sheet Music"")",Chrome 85.0.4183.102,,,2020-09-26 00:34:22,2020-09-26 00:34:45,22.776s,PASSED
"click(findTestObject(""Object Repository/img_000_cartButtons""))",Chrome 85.0.4183.102,,,2020-09-26 00:34:45,2020-09-26 00:34:46,0.492s,PASSED
"click(findTestObject(""Page_Tunescribers  Cart/a_Checkout""))",Chrome 85.0.4183.102,,,2020-09-26 00:34:46,2020-09-26 00:35:23,37.301s,PASSED
"checkoutSubmit = findWebElement(findTestObject(""Object Repository/Page_Tunescribers  Checkout/input_Previous_submit""), 30)",Chrome 85.0.4183.102,,,2020-09-26 00:35:23,2020-09-26 00:35:24,1.214s,PASSED
"executeJavaScript(""arguments[0].click()"", Arrays.asList(checkoutSubmit))",Chrome 85.0.4183.102,,,2020-09-26 00:35:24,2020-09-26 00:35:32,7.858s,PASSED
closeBrowser(),Chrome 85.0.4183.102,,,2020-09-26 00:35:32,2020-09-26 00:35:33,0.780s,PASSED
,,,,,,,
Test Cases/Automated Song For Sale Order Using Coupon Code,Chrome 85.0.4183.102,,,2020-09-26 00:35:33,2020-09-26 00:38:02,2m - 29.498s,PASSED
"openBrowser(""https://uat.tunescribers.com/"")",Chrome 85.0.4183.102,,,2020-09-26 00:35:33,2020-09-26 00:36:20,46.390s,PASSED
maximizeWindow(),Chrome 85.0.4183.102,,,2020-09-26 00:36:20,2020-09-26 00:36:22,2.193s,PASSED
"click(findTestObject(""Object Repository/Page_Tunescribers  Worlds Finest Music Tran_77530f/a_Login""))",Chrome 85.0.4183.102,,,2020-09-26 00:36:22,2020-09-26 00:36:43,21.311s,PASSED
"setText(findTestObject(""Object Repository/Page_Tunescribers  Login/input_Please enter email and password_username""), ""muhammad.danyal@cooperativecomputing.com"")",Chrome 85.0.4183.102,,,2020-09-26 00:36:43,2020-09-26 00:36:44,0.976s,PASSED
"setEncryptedText(findTestObject(""Object Repository/Page_Tunescribers  Login/input_Please enter email and password_password""), ""he6LtG7CITvGDhmDyKTJqw=="")",Chrome 85.0.4183.102,,,2020-09-26 00:36:44,2020-09-26 00:36:45,0.776s,PASSED
"click(findTestObject(""Object Repository/Page_Tunescribers  Login/input_Forgot your password_button text-cent_363f13""))",Chrome 85.0.4183.102,,,2020-09-26 00:36:45,2020-09-26 00:36:51,5.759s,PASSED
"click(findTestObject(""Object Repository/Page_Tunescribers  Customer Dashboard/a_Songs for Sale""))",Chrome 85.0.4183.102,,,2020-09-26 00:36:51,2020-09-26 00:37:02,11.610s,PASSED
"navigateToUrl(""https://uat.tunescribers.com/catalog"")",Chrome 85.0.4183.102,,,2020-09-26 00:37:02,2020-09-26 00:37:05,2.886s,PASSED
"click(findTestObject(""Object Repository/Page_Tunescribers  Songs For Sale/u_Karakoram - Toofaan""))",Chrome 85.0.4183.102,,,2020-09-26 00:37:05,2020-09-26 00:37:06,1.191s,PASSED
"switchToWindowTitle(""Tunescribers | Karakoram - Toofaan | Sheet Music"")",Chrome 85.0.4183.102,,,2020-09-26 00:37:06,2020-09-26 00:37:34,27.220s,PASSED
"click(findTestObject(""Object Repository/Page_Tunescribers  Karakoram - Toofaan  She_e70c6a/img_Check out todays special deals_cartButtons""))",Chrome 85.0.4183.102,,,2020-09-26 00:37:34,2020-09-26 00:37:42,8.075s,PASSED
"click(findTestObject(""Page_Tunescribers  Cart/a_Checkout""))",Chrome 85.0.4183.102,,,2020-09-26 00:37:42,2020-09-26 00:37:49,7.829s,PASSED
"setText(findTestObject(""Object Repository/input_Discount Code_discount""), ""madiha"")",Chrome 85.0.4183.102,,,2020-09-26 00:37:49,2020-09-26 00:37:51,1.207s,PASSED
"click(findTestObject(""Object Repository/button_Validate Code""))",Chrome 85.0.4183.102,,,2020-09-26 00:37:51,2020-09-26 00:37:51,0.532s,PASSED
"checkoutSubmit = findWebElement(findTestObject(""Object Repository/Page_Tunescribers  Checkout/input_Previous_submit""), 30)",Chrome 85.0.4183.102,,,2020-09-26 00:37:51,2020-09-26 00:37:53,1.689s,PASSED
"executeJavaScript(""arguments[0].click()"", Arrays.asList(checkoutSubmit))",Chrome 85.0.4183.102,,,2020-09-26 00:37:53,2020-09-26 00:38:02,8.713s,PASSED
closeBrowser(),Chrome 85.0.4183.102,,,2020-09-26 00:38:02,2020-09-26 00:38:02,0.786s,PASSED
,,,,,,,
Test Cases/Automated Product Code Order,Chrome 85.0.4183.102,"ID: Muhammad Danyal
Payment Method: Credit Card
Product Code: https://uat.tunescribers.com/product-code/threedollar",,2020-09-26 00:38:02,2020-09-26 00:39:16,1m - 13.394s,PASSED
"openBrowser(""https://uat.tunescribers.com/product-code/threedollar"")",Chrome 85.0.4183.102,,,2020-09-26 00:38:03,2020-09-26 00:38:15,12.673s,PASSED
maximizeWindow(),Chrome 85.0.4183.102,,,2020-09-26 00:38:15,2020-09-26 00:38:18,2.192s,PASSED
"setText(findTestObject(""Page_Tunescribers  Step/input_Song title_title""), ""Automated Product Code Song"")",Chrome 85.0.4183.102,,,2020-09-26 00:38:18,2020-09-26 00:38:18,0.818s,PASSED
"setText(findTestObject(""Page_Tunescribers  Step/input_Written by_author_name""), ""Muhammad Danyal"")",Chrome 85.0.4183.102,,,2020-09-26 00:38:18,2020-09-26 00:38:19,0.507s,PASSED
"setText(findTestObject(""Page_Tunescribers  Step/input_Performed by_performer""), ""Muhammad Danyal"")",Chrome 85.0.4183.102,,,2020-09-26 00:38:19,2020-09-26 00:38:20,0.650s,PASSED
"aNext = findWebElement(findTestObject(""Page_Tunescribers  Step/a_Next""), 30)",Chrome 85.0.4183.102,,,2020-09-26 00:38:20,2020-09-26 00:38:20,0.365s,PASSED
"executeJavaScript(""arguments[0].click()"", Arrays.asList(aNext))",Chrome 85.0.4183.102,,,2020-09-26 00:38:20,2020-09-26 00:38:20,0.129s,PASSED
"click(findTestObject(""Page_Tunescribers  Step/a_Next_1""))",Chrome 85.0.4183.102,,,2020-09-26 00:38:20,2020-09-26 00:38:21,0.918s,PASSED
"click(findTestObject(""Page_Tunescribers  Step/input_I agree to the above and to theand_terms""))",Chrome 85.0.4183.102,,,2020-09-26 00:38:21,2020-09-26 00:38:22,0.920s,PASSED
"click(findTestObject(""Page_Tunescribers  Step/a_Continue to Checkout""))",Chrome 85.0.4183.102,,,2020-09-26 00:38:22,2020-09-26 00:38:28,6.550s,PASSED
"navigateToUrl(""https://uat.tunescribers.com/video-cart"")",Chrome 85.0.4183.102,,,2020-09-26 00:38:28,2020-09-26 00:38:38,9.405s,PASSED
"click(findTestObject(""Page_Tunescribers  Cart/a_Checkout""))",Chrome 85.0.4183.102,,,2020-09-26 00:38:38,2020-09-26 00:38:50,11.855s,PASSED
"setText(findTestObject(""Page_Tunescribers  Checkout/input_Please enter email and password_username""), ""muhammad.danyal@cooperativecomputing.com"")",Chrome 85.0.4183.102,,,2020-09-26 00:38:50,2020-09-26 00:38:51,1.303s,PASSED
"setEncryptedText(findTestObject(""Page_Tunescribers  Checkout/input_Please enter email and password_password""), ""he6LtG7CITvGDhmDyKTJqw=="")",Chrome 85.0.4183.102,,,2020-09-26 00:38:51,2020-09-26 00:38:52,0.503s,PASSED
"click(findTestObject(""Page_Tunescribers  Checkout/input_Forgot your password_btn button text-_9d5dbf""))",Chrome 85.0.4183.102,,,2020-09-26 00:38:52,2020-09-26 00:38:58,5.993s,PASSED
"setText(findTestObject(""Page_Tunescribers  Checkout/input_Paypal_number""), ""4242424242424242"")",Chrome 85.0.4183.102,,,2020-09-26 00:38:58,2020-09-26 00:38:59,1.520s,PASSED
"setText(findTestObject(""Page_Tunescribers  Checkout/input_Paypal_security""), ""123"")",Chrome 85.0.4183.102,,,2020-09-26 00:38:59,2020-09-26 00:39:00,0.531s,PASSED
"setText(findTestObject(""Page_Tunescribers  Checkout/input_Paypal_name""), ""Danyal"")",Chrome 85.0.4183.102,,,2020-09-26 00:39:00,2020-09-26 00:39:00,0.662s,PASSED
"selectOptionByValue(findTestObject(""Page_Tunescribers  Checkout/select_Exp Month123456789101112""), ""12"", true)",Chrome 85.0.4183.102,,,2020-09-26 00:39:00,2020-09-26 00:39:01,1.252s,PASSED
"selectOptionByValue(findTestObject(""Page_Tunescribers  Checkout/select_Exp Year2020202120222023202420252026_a03cde""), ""2028"", true)",Chrome 85.0.4183.102,,,2020-09-26 00:39:01,2020-09-26 00:39:03,1.656s,PASSED
"checkoutSubmit = findWebElement(findTestObject(""Object Repository/Page_Tunescribers  Checkout/input_Previous_submit""), 30)",Chrome 85.0.4183.102,,,2020-09-26 00:39:03,2020-09-26 00:39:04,0.382s,PASSED
"executeJavaScript(""arguments[0].click()"", Arrays.asList(checkoutSubmit))",Chrome 85.0.4183.102,,,2020-09-26 00:39:04,2020-09-26 00:39:15,11.530s,PASSED
closeBrowser(),Chrome 85.0.4183.102,,,2020-09-26 00:39:15,2020-09-26 00:39:16,0.730s,PASSED
,,,,,,,
Test Cases/Automated Product Code Order Using Coupon code,Chrome 85.0.4183.102,,,2020-09-26 00:39:16,2020-09-26 00:40:15,59.551s,PASSED
"openBrowser(""https://uat.tunescribers.com/product-code/threedollar"")",Chrome 85.0.4183.102,,,2020-09-26 00:39:16,2020-09-26 00:39:26,9.504s,PASSED
maximizeWindow(),Chrome 85.0.4183.102,,,2020-09-26 00:39:26,2020-09-26 00:39:28,2.186s,PASSED
"setText(findTestObject(""Page_Tunescribers  Step/input_Song title_title""), ""Automated Product Code Song"")",Chrome 85.0.4183.102,,,2020-09-26 00:39:28,2020-09-26 00:39:28,0.492s,PASSED
"setText(findTestObject(""Page_Tunescribers  Step/input_Written by_author_name""), ""Muhammad Danyal"")",Chrome 85.0.4183.102,,,2020-09-26 00:39:28,2020-09-26 00:39:29,0.422s,PASSED
"setText(findTestObject(""Page_Tunescribers  Step/input_Performed by_performer""), ""Muhammad Danyal"")",Chrome 85.0.4183.102,,,2020-09-26 00:39:29,2020-09-26 00:39:29,0.421s,PASSED
"aNext = findWebElement(findTestObject(""Page_Tunescribers  Step/a_Next""), 30)",Chrome 85.0.4183.102,,,2020-09-26 00:39:29,2020-09-26 00:39:30,0.291s,PASSED
"executeJavaScript(""arguments[0].click()"", Arrays.asList(aNext))",Chrome 85.0.4183.102,,,2020-09-26 00:39:30,2020-09-26 00:39:30,0.090s,PASSED
"click(findTestObject(""Page_Tunescribers  Step/a_Next_1""))",Chrome 85.0.4183.102,,,2020-09-26 00:39:30,2020-09-26 00:39:30,0.765s,PASSED
"click(findTestObject(""Page_Tunescribers  Step/input_I agree to the above and to theand_terms""))",Chrome 85.0.4183.102,,,2020-09-26 00:39:30,2020-09-26 00:39:31,0.695s,PASSED
"click(findTestObject(""Page_Tunescribers  Step/a_Continue to Checkout""))",Chrome 85.0.4183.102,,,2020-09-26 00:39:31,2020-09-26 00:39:37,5.802s,PASSED
"navigateToUrl(""https://uat.tunescribers.com/video-cart"")",Chrome 85.0.4183.102,,,2020-09-26 00:39:37,2020-09-26 00:39:40,3.100s,PASSED
"click(findTestObject(""Page_Tunescribers  Cart/a_Checkout""))",Chrome 85.0.4183.102,,,2020-09-26 00:39:40,2020-09-26 00:39:57,16.573s,PASSED
"setText(findTestObject(""Page_Tunescribers  Checkout/input_Please enter email and password_username""), ""muhammad.danyal@cooperativecomputing.com"")",Chrome 85.0.4183.102,,,2020-09-26 00:39:57,2020-09-26 00:39:58,1.497s,PASSED
"setEncryptedText(findTestObject(""Page_Tunescribers  Checkout/input_Please enter email and password_password""), ""he6LtG7CITvGDhmDyKTJqw=="")",Chrome 85.0.4183.102,,,2020-09-26 00:39:58,2020-09-26 00:39:59,0.687s,PASSED
"click(findTestObject(""Page_Tunescribers  Checkout/input_Forgot your password_btn button text-_9d5dbf""))",Chrome 85.0.4183.102,,,2020-09-26 00:39:59,2020-09-26 00:40:03,4.668s,PASSED
"setText(findTestObject(""Object Repository/input_Discount Code_discount""), ""madiha"")",Chrome 85.0.4183.102,,,2020-09-26 00:40:03,2020-09-26 00:40:05,1.441s,PASSED
"click(findTestObject(""Object Repository/button_Validate Code""))",Chrome 85.0.4183.102,,,2020-09-26 00:40:05,2020-09-26 00:40:05,0.520s,PASSED
"checkoutSubmit = findWebElement(findTestObject(""Object Repository/Page_Tunescribers  Checkout/input_Previous_submit""), 30)",Chrome 85.0.4183.102,,,2020-09-26 00:40:05,2020-09-26 00:40:07,1.801s,PASSED
"executeJavaScript(""arguments[0].click()"", Arrays.asList(checkoutSubmit))",Chrome 85.0.4183.102,,,2020-09-26 00:40:07,2020-09-26 00:40:15,7.456s,PASSED
closeBrowser(),Chrome 85.0.4183.102,,,2020-09-26 00:40:15,2020-09-26 00:40:15,0.735s,PASSED
