Suite/Test/Step Name,Browser,Description,Tag,Start time,End time,Duration,Status
Tunescribers,Chrome 85.0.4183.102,,,2020-09-17 13:59:57,2020-09-17 14:02:25,2m - 28.186s,PASSED
,,,,,,,
Test Cases/Automated Youtube Song Order,Chrome 85.0.4183.102,"ID: Muhammad Danyal
Rush Job: No
Payment Method: Credit Card",,2020-09-17 13:59:57,2020-09-17 14:00:58,1m - 1.182s,PASSED
"openBrowser(""https://uat.tunescribers.com/"")",Chrome 85.0.4183.102,,,2020-09-17 13:59:58,2020-09-17 14:00:14,16.349s,PASSED
maximizeWindow(),Chrome 85.0.4183.102,,,2020-09-17 14:00:14,2020-09-17 14:00:17,2.153s,PASSED
"click(findTestObject(""Object Repository/Page_Tunescribers  Worlds Finest Music Tran_77530f/a_Login""))",Chrome 85.0.4183.102,,,2020-09-17 14:00:17,2020-09-17 14:00:20,3.719s,PASSED
"setText(findTestObject(""Object Repository/Page_Tunescribers  Login/input_Please enter email and password_username""), ""muhammad.danyal@cooperativecomputing.com"")",Chrome 85.0.4183.102,,,2020-09-17 14:00:20,2020-09-17 14:00:21,0.634s,PASSED
"setEncryptedText(findTestObject(""Object Repository/Page_Tunescribers  Login/input_Please enter email and password_password""), ""he6LtG7CITvGDhmDyKTJqw=="")",Chrome 85.0.4183.102,,,2020-09-17 14:00:21,2020-09-17 14:00:21,0.506s,PASSED
"click(findTestObject(""Object Repository/Page_Tunescribers  Login/input_Forgot your password_button text-cent_363f13""))",Chrome 85.0.4183.102,,,2020-09-17 14:00:21,2020-09-17 14:00:24,3.079s,PASSED
"click(findTestObject(""Object Repository/Page_Tunescribers  Customer Dashboard/a_Home""))",Chrome 85.0.4183.102,,,2020-09-17 14:00:24,2020-09-17 14:00:28,3.352s,PASSED
"click(findTestObject(""Object Repository/Page_Tunescribers  Worlds Finest Music Tran_77530f/p_Examples httpsyoutubeQse0LMVAzBEhttpswwwy_9a24e6""))",Chrome 85.0.4183.102,,,2020-09-17 14:00:28,2020-09-17 14:00:28,0.550s,PASSED
"setText(findTestObject(""Object Repository/Page_Tunescribers  Worlds Finest Music Tran_77530f/input_Enter the songs YouTube web address_link""), ""https://www.youtube.com/watch?v=6jmnASVqZMU"")",Chrome 85.0.4183.102,,,2020-09-17 14:00:28,2020-09-17 14:00:29,0.481s,PASSED
"click(findTestObject(""Object Repository/Page_Tunescribers  Worlds Finest Music Tran_77530f/input_Enter the songs YouTube web address_b_4fcef0""))",Chrome 85.0.4183.102,,,2020-09-17 14:00:29,2020-09-17 14:00:29,0.417s,PASSED
delay(5),Chrome 85.0.4183.102,,,2020-09-17 14:00:29,2020-09-17 14:00:34,5.030s,PASSED
"click(findTestObject(""Object Repository/Page_Tunescribers  Worlds Finest Music Tran_77530f/input_Cancel_continue""))",Chrome 85.0.4183.102,,,2020-09-17 14:00:34,2020-09-17 14:00:39,4.237s,PASSED
"click(findTestObject(""Page_Tunescribers  Step/a-Next_Youtube""))",Chrome 85.0.4183.102,,,2020-09-17 14:00:39,2020-09-17 14:00:39,0.563s,PASSED
"click(findTestObject(""Object Repository/Page_Tunescribers  Step/label_I own the copyright""))",Chrome 85.0.4183.102,,,2020-09-17 14:00:39,2020-09-17 14:00:40,0.507s,PASSED
"setText(findTestObject(""Object Repository/Page_Tunescribers  Step/input_I own the copyright_copyrightfield""), ""Automated Copyright"")",Chrome 85.0.4183.102,,,2020-09-17 14:00:40,2020-09-17 14:00:40,0.430s,PASSED
"click(findTestObject(""Page_Tunescribers  Step/a_Next_1_Youtube""))",Chrome 85.0.4183.102,,,2020-09-17 14:00:40,2020-09-17 14:00:41,0.703s,PASSED
"doubleClick(findTestObject(""Object Repository/Page_Tunescribers  Step/input_Song title_title""))",Chrome 85.0.4183.102,,,2020-09-17 14:00:41,2020-09-17 14:00:42,0.830s,PASSED
"setText(findTestObject(""Object Repository/Page_Tunescribers  Step/input_Song title_title""), ""Automated Youtube Song"")",Chrome 85.0.4183.102,,,2020-09-17 14:00:42,2020-09-17 14:00:42,0.449s,PASSED
"click(findTestObject(""Page_Tunescribers  Step/a_Next_1_2_Youtube""))",Chrome 85.0.4183.102,,,2020-09-17 14:00:42,2020-09-17 14:00:42,0.387s,PASSED
"click(findTestObject(""Page_Tunescribers  Step/a_Next_1_2_3_Youtube""))",Chrome 85.0.4183.102,,,2020-09-17 14:00:42,2020-09-17 14:00:43,0.518s,PASSED
"click(findTestObject(""Object Repository/Page_Tunescribers  Step/input_I agree to the above and to theand_terms""))",Chrome 85.0.4183.102,,,2020-09-17 14:00:43,2020-09-17 14:00:44,0.696s,PASSED
"click(findTestObject(""Object Repository/Page_Tunescribers  Step/a_Continue to Checkout""))",Chrome 85.0.4183.102,,,2020-09-17 14:00:44,2020-09-17 14:00:46,2.110s,PASSED
"click(findTestObject(""Object Repository/Page_Tunescribers  Cart/a_Checkout""))",Chrome 85.0.4183.102,,,2020-09-17 14:00:46,2020-09-17 14:00:48,2.279s,PASSED
"setText(findTestObject(""Object Repository/Page_Tunescribers  Checkout/input_Paypal_number""), ""4242424242424242"")",Chrome 85.0.4183.102,,,2020-09-17 14:00:48,2020-09-17 14:00:49,0.931s,PASSED
"setText(findTestObject(""Object Repository/Page_Tunescribers  Checkout/input_Paypal_security""), ""123"")",Chrome 85.0.4183.102,,,2020-09-17 14:00:49,2020-09-17 14:00:49,0.392s,PASSED
"setText(findTestObject(""Object Repository/Page_Tunescribers  Checkout/input_Paypal_name""), ""Danyal"")",Chrome 85.0.4183.102,,,2020-09-17 14:00:49,2020-09-17 14:00:50,0.383s,PASSED
"selectOptionByValue(findTestObject(""Object Repository/Page_Tunescribers  Checkout/select_Exp Month123456789101112""), ""12"", true)",Chrome 85.0.4183.102,,,2020-09-17 14:00:50,2020-09-17 14:00:51,1.526s,PASSED
"selectOptionByValue(findTestObject(""Object Repository/Page_Tunescribers  Checkout/select_Exp Year2020202120222023202420252026_a03cde""), ""2028"", true)",Chrome 85.0.4183.102,,,2020-09-17 14:00:51,2020-09-17 14:00:52,1.081s,PASSED
"checkoutSubmit = findWebElement(findTestObject(""Object Repository/Page_Tunescribers  Checkout/input_Previous_submit""), 30)",Chrome 85.0.4183.102,,,2020-09-17 14:00:52,2020-09-17 14:00:53,0.314s,PASSED
"executeJavaScript(""arguments[0].click()"", Arrays.asList(checkoutSubmit))",Chrome 85.0.4183.102,,,2020-09-17 14:00:53,2020-09-17 14:00:58,5.139s,PASSED
closeBrowser(),Chrome 85.0.4183.102,,,2020-09-17 14:00:58,2020-09-17 14:00:58,0.702s,PASSED
,,,,,,,
Test Cases/Automated Song for Sale Order,Chrome 85.0.4183.102,"Id: Muhammad Danyal
Payment Method: Credit Card",,2020-09-17 14:00:59,2020-09-17 14:01:52,53.131s,PASSED
"openBrowser(""https://uat.tunescribers.com/"")",Chrome 85.0.4183.102,,,2020-09-17 14:00:59,2020-09-17 14:01:13,13.892s,PASSED
maximizeWindow(),Chrome 85.0.4183.102,,,2020-09-17 14:01:13,2020-09-17 14:01:15,2.128s,PASSED
"click(findTestObject(""Object Repository/Page_Tunescribers  Worlds Finest Music Tran_77530f/a_Login""))",Chrome 85.0.4183.102,,,2020-09-17 14:01:15,2020-09-17 14:01:20,5.484s,PASSED
"setText(findTestObject(""Object Repository/Page_Tunescribers  Login/input_Please enter email and password_username""), ""muhammad.danyal@cooperativecomputing.com"")",Chrome 85.0.4183.102,,,2020-09-17 14:01:20,2020-09-17 14:01:21,0.476s,PASSED
"setEncryptedText(findTestObject(""Object Repository/Page_Tunescribers  Login/input_Please enter email and password_password""), ""he6LtG7CITvGDhmDyKTJqw=="")",Chrome 85.0.4183.102,,,2020-09-17 14:01:21,2020-09-17 14:01:21,0.413s,PASSED
"click(findTestObject(""Object Repository/Page_Tunescribers  Login/input_Forgot your password_button text-cent_363f13""))",Chrome 85.0.4183.102,,,2020-09-17 14:01:21,2020-09-17 14:01:24,2.418s,PASSED
"click(findTestObject(""Object Repository/Page_Tunescribers  Customer Dashboard/a_Songs for Sale""))",Chrome 85.0.4183.102,,,2020-09-17 14:01:24,2020-09-17 14:01:29,5.672s,PASSED
"navigateToUrl(""https://uat.tunescribers.com/catalog"")",Chrome 85.0.4183.102,,,2020-09-17 14:01:29,2020-09-17 14:01:31,1.296s,PASSED
"click(findTestObject(""Object Repository/Page_Tunescribers  Songs For Sale/u_Karakoram - Toofaan""))",Chrome 85.0.4183.102,,,2020-09-17 14:01:31,2020-09-17 14:01:31,0.804s,PASSED
"switchToWindowTitle(""Tunescribers | Karakoram - Toofaan | Sheet Music"")",Chrome 85.0.4183.102,,,2020-09-17 14:01:31,2020-09-17 14:01:39,7.261s,PASSED
"click(findTestObject(""Object Repository/Page_Tunescribers  Karakoram - Toofaan  She_e70c6a/img_Check out todays special deals_cartButtons""))",Chrome 85.0.4183.102,,,2020-09-17 14:01:39,2020-09-17 14:01:39,0.379s,PASSED
"click(findTestObject(""Page_Tunescribers  Cart/a_Checkout""))",Chrome 85.0.4183.102,,,2020-09-17 14:01:39,2020-09-17 14:01:41,2.176s,PASSED
"setText(findTestObject(""Page_Tunescribers  Checkout/input_Paypal_number""), ""4242424242424242"")",Chrome 85.0.4183.102,,,2020-09-17 14:01:41,2020-09-17 14:01:43,1.913s,PASSED
"setText(findTestObject(""Page_Tunescribers  Checkout/input_Paypal_security""), ""123"")",Chrome 85.0.4183.102,,,2020-09-17 14:01:43,2020-09-17 14:01:44,0.404s,PASSED
"setText(findTestObject(""Page_Tunescribers  Checkout/input_Paypal_name""), ""Danyal"")",Chrome 85.0.4183.102,,,2020-09-17 14:01:44,2020-09-17 14:01:44,0.385s,PASSED
"selectOptionByValue(findTestObject(""Page_Tunescribers  Checkout/select_Exp Month123456789101112""), ""12"", true)",Chrome 85.0.4183.102,,,2020-09-17 14:01:44,2020-09-17 14:01:45,1.361s,PASSED
"selectOptionByValue(findTestObject(""Page_Tunescribers  Checkout/select_Exp Year2020202120222023202420252026_a03cde""), ""2028"", true)",Chrome 85.0.4183.102,,,2020-09-17 14:01:45,2020-09-17 14:01:46,1.091s,PASSED
"checkoutSubmit = findWebElement(findTestObject(""Object Repository/Page_Tunescribers  Checkout/input_Previous_submit""), 30)",Chrome 85.0.4183.102,,,2020-09-17 14:01:46,2020-09-17 14:01:47,0.274s,PASSED
"executeJavaScript(""arguments[0].click()"", Arrays.asList(checkoutSubmit))",Chrome 85.0.4183.102,,,2020-09-17 14:01:47,2020-09-17 14:01:51,4.194s,PASSED
closeBrowser(),Chrome 85.0.4183.102,,,2020-09-17 14:01:51,2020-09-17 14:01:52,0.700s,PASSED
,,,,,,,
Test Cases/Automated Product Code Order,Chrome 85.0.4183.102,"Id: Muhammad Danyal
Payment Method: Credit Card
Product Code: https://uat.tunescribers.com/product-code/threedollar",,2020-09-17 14:01:52,2020-09-17 14:02:25,33.453s,PASSED
"openBrowser(""https://uat.tunescribers.com/product-code/threedollar"")",Chrome 85.0.4183.102,,,2020-09-17 14:01:52,2020-09-17 14:02:00,8.155s,PASSED
maximizeWindow(),Chrome 85.0.4183.102,,,2020-09-17 14:02:00,2020-09-17 14:02:02,2.167s,PASSED
"setText(findTestObject(""Page_Tunescribers  Step/input_Song title_title""), ""Automated Product Code Song"")",Chrome 85.0.4183.102,,,2020-09-17 14:02:02,2020-09-17 14:02:03,0.458s,PASSED
"setText(findTestObject(""Page_Tunescribers  Step/input_Written by_author_name""), ""Muhammad Danyal"")",Chrome 85.0.4183.102,,,2020-09-17 14:02:03,2020-09-17 14:02:03,0.442s,PASSED
"setText(findTestObject(""Page_Tunescribers  Step/input_Performed by_performer""), ""Muhammad Danyal"")",Chrome 85.0.4183.102,,,2020-09-17 14:02:03,2020-09-17 14:02:04,0.417s,PASSED
"aNext = findWebElement(findTestObject(""Page_Tunescribers  Step/a_Next""), 30)",Chrome 85.0.4183.102,,,2020-09-17 14:02:04,2020-09-17 14:02:04,0.297s,PASSED
"executeJavaScript(""arguments[0].click()"", Arrays.asList(aNext))",Chrome 85.0.4183.102,,,2020-09-17 14:02:04,2020-09-17 14:02:04,0.074s,PASSED
"click(findTestObject(""Page_Tunescribers  Step/a_Next_1""))",Chrome 85.0.4183.102,,,2020-09-17 14:02:04,2020-09-17 14:02:05,0.728s,PASSED
"click(findTestObject(""Page_Tunescribers  Step/input_I agree to the above and to theand_terms""))",Chrome 85.0.4183.102,,,2020-09-17 14:02:05,2020-09-17 14:02:05,0.710s,PASSED
"click(findTestObject(""Page_Tunescribers  Step/a_Continue to Checkout""))",Chrome 85.0.4183.102,,,2020-09-17 14:02:05,2020-09-17 14:02:08,2.442s,PASSED
"navigateToUrl(""https://uat.tunescribers.com/video-cart"")",Chrome 85.0.4183.102,,,2020-09-17 14:02:08,2020-09-17 14:02:09,1.435s,PASSED
"click(findTestObject(""Page_Tunescribers  Cart/a_Checkout""))",Chrome 85.0.4183.102,,,2020-09-17 14:02:09,2020-09-17 14:02:12,2.304s,PASSED
"setText(findTestObject(""Page_Tunescribers  Checkout/input_Please enter email and password_username""), ""muhammad.danyal@cooperativecomputing.com"")",Chrome 85.0.4183.102,,,2020-09-17 14:02:12,2020-09-17 14:02:13,1.165s,PASSED
"setEncryptedText(findTestObject(""Page_Tunescribers  Checkout/input_Please enter email and password_password""), ""he6LtG7CITvGDhmDyKTJqw=="")",Chrome 85.0.4183.102,,,2020-09-17 14:02:13,2020-09-17 14:02:13,0.389s,PASSED
"click(findTestObject(""Page_Tunescribers  Checkout/input_Forgot your password_btn button text-_9d5dbf""))",Chrome 85.0.4183.102,,,2020-09-17 14:02:13,2020-09-17 14:02:15,2.054s,PASSED
"setText(findTestObject(""Page_Tunescribers  Checkout/input_Paypal_number""), ""4242424242424242"")",Chrome 85.0.4183.102,,,2020-09-17 14:02:15,2020-09-17 14:02:16,1.145s,PASSED
"setText(findTestObject(""Page_Tunescribers  Checkout/input_Paypal_security""), ""123"")",Chrome 85.0.4183.102,,,2020-09-17 14:02:16,2020-09-17 14:02:17,0.384s,PASSED
"setText(findTestObject(""Page_Tunescribers  Checkout/input_Paypal_name""), ""Danyal"")",Chrome 85.0.4183.102,,,2020-09-17 14:02:17,2020-09-17 14:02:17,0.380s,PASSED
"selectOptionByValue(findTestObject(""Page_Tunescribers  Checkout/select_Exp Month123456789101112""), ""12"", true)",Chrome 85.0.4183.102,,,2020-09-17 14:02:17,2020-09-17 14:02:19,1.374s,PASSED
"selectOptionByValue(findTestObject(""Page_Tunescribers  Checkout/select_Exp Year2020202120222023202420252026_a03cde""), ""2028"", true)",Chrome 85.0.4183.102,,,2020-09-17 14:02:19,2020-09-17 14:02:20,1.023s,PASSED
"checkoutSubmit = findWebElement(findTestObject(""Object Repository/Page_Tunescribers  Checkout/input_Previous_submit""), 30)",Chrome 85.0.4183.102,,,2020-09-17 14:02:20,2020-09-17 14:02:20,0.274s,PASSED
"executeJavaScript(""arguments[0].click()"", Arrays.asList(checkoutSubmit))",Chrome 85.0.4183.102,,,2020-09-17 14:02:20,2020-09-17 14:02:24,4.523s,PASSED
closeBrowser(),Chrome 85.0.4183.102,,,2020-09-17 14:02:24,2020-09-17 14:02:25,0.741s,PASSED
