Suite/Test/Step Name,Browser,Description,Tag,Start time,End time,Duration,Status
Tunescribers,Chrome 85.0.4183.102,,,2020-09-15 21:22:11,2020-09-15 21:23:15,1m - 4.120s,PASSED
,,,,,,,
Test Cases/Automated Youtube Song Order,Chrome 85.0.4183.102,"Normal Job
With all the Question 3 options
Credit Card",,2020-09-15 21:22:11,2020-09-15 21:23:15,1m - 3.507s,PASSED
"openBrowser(""https://uat.tunescribers.com/"")",Chrome 85.0.4183.102,,,2020-09-15 21:22:12,2020-09-15 21:22:27,15.150s,PASSED
maximizeWindow(),Chrome 85.0.4183.102,,,2020-09-15 21:22:27,2020-09-15 21:22:30,2.260s,PASSED
"click(findTestObject(""Object Repository/Page_Tunescribers  Worlds Finest Music Tran_77530f/a_Login""))",Chrome 85.0.4183.102,,,2020-09-15 21:22:30,2020-09-15 21:22:32,2.796s,PASSED
"setText(findTestObject(""Object Repository/Page_Tunescribers  Login/input_Please enter email and password_username""), ""muhammad.danyal@cooperativecomputing.com"")",Chrome 85.0.4183.102,,,2020-09-15 21:22:32,2020-09-15 21:22:33,0.874s,PASSED
"setEncryptedText(findTestObject(""Object Repository/Page_Tunescribers  Login/input_Please enter email and password_password""), ""he6LtG7CITvGDhmDyKTJqw=="")",Chrome 85.0.4183.102,,,2020-09-15 21:22:33,2020-09-15 21:22:34,0.900s,PASSED
"click(findTestObject(""Object Repository/Page_Tunescribers  Login/input_Forgot your password_button text-cent_363f13""))",Chrome 85.0.4183.102,,,2020-09-15 21:22:34,2020-09-15 21:22:37,2.783s,PASSED
"click(findTestObject(""Object Repository/Page_Tunescribers  Customer Dashboard/a_Home""))",Chrome 85.0.4183.102,,,2020-09-15 21:22:37,2020-09-15 21:22:40,3.109s,PASSED
"click(findTestObject(""Object Repository/Page_Tunescribers  Worlds Finest Music Tran_77530f/p_Examples httpsyoutubeQse0LMVAzBEhttpswwwy_9a24e6""))",Chrome 85.0.4183.102,,,2020-09-15 21:22:40,2020-09-15 21:22:41,0.588s,PASSED
"setText(findTestObject(""Object Repository/Page_Tunescribers  Worlds Finest Music Tran_77530f/input_Enter the songs YouTube web address_link""), ""https://www.youtube.com/watch?v=6jmnASVqZMU"")",Chrome 85.0.4183.102,,,2020-09-15 21:22:41,2020-09-15 21:22:42,0.799s,PASSED
"click(findTestObject(""Object Repository/Page_Tunescribers  Worlds Finest Music Tran_77530f/input_Enter the songs YouTube web address_b_4fcef0""))",Chrome 85.0.4183.102,,,2020-09-15 21:22:42,2020-09-15 21:22:42,0.846s,PASSED
delay(5),Chrome 85.0.4183.102,,,2020-09-15 21:22:42,2020-09-15 21:22:47,5.049s,PASSED
"click(findTestObject(""Object Repository/Page_Tunescribers  Worlds Finest Music Tran_77530f/input_Cancel_continue""))",Chrome 85.0.4183.102,,,2020-09-15 21:22:47,2020-09-15 21:22:51,3.126s,PASSED
"click(findTestObject(""Object Repository/Page_Tunescribers  Step/a_Next""))",Chrome 85.0.4183.102,,,2020-09-15 21:22:51,2020-09-15 21:22:51,0.623s,PASSED
"click(findTestObject(""Object Repository/Page_Tunescribers  Step/label_I own the copyright""))",Chrome 85.0.4183.102,,,2020-09-15 21:22:51,2020-09-15 21:22:52,0.554s,PASSED
"setText(findTestObject(""Object Repository/Page_Tunescribers  Step/input_I own the copyright_copyrightfield""), ""Automated Copyright"")",Chrome 85.0.4183.102,,,2020-09-15 21:22:52,2020-09-15 21:22:52,0.689s,PASSED
"click(findTestObject(""Object Repository/Page_Tunescribers  Step/a_Next_1""))",Chrome 85.0.4183.102,,,2020-09-15 21:22:52,2020-09-15 21:22:53,0.904s,PASSED
"doubleClick(findTestObject(""Object Repository/Page_Tunescribers  Step/input_Song title_title""))",Chrome 85.0.4183.102,,,2020-09-15 21:22:53,2020-09-15 21:22:54,1.018s,PASSED
"setText(findTestObject(""Object Repository/Page_Tunescribers  Step/input_Song title_title""), ""Automated Youtube Song"")",Chrome 85.0.4183.102,,,2020-09-15 21:22:54,2020-09-15 21:22:55,0.617s,PASSED
"click(findTestObject(""Object Repository/Page_Tunescribers  Step/a_Next_1_2""))",Chrome 85.0.4183.102,,,2020-09-15 21:22:55,2020-09-15 21:22:55,0.485s,PASSED
"click(findTestObject(""Object Repository/Page_Tunescribers  Step/a_Next_1_2_3""))",Chrome 85.0.4183.102,,,2020-09-15 21:22:55,2020-09-15 21:22:56,0.621s,PASSED
"click(findTestObject(""Object Repository/Page_Tunescribers  Step/input_I agree to the above and to theand_terms""))",Chrome 85.0.4183.102,,,2020-09-15 21:22:56,2020-09-15 21:22:57,1.205s,PASSED
"click(findTestObject(""Object Repository/Page_Tunescribers  Step/a_Continue to Checkout""))",Chrome 85.0.4183.102,,,2020-09-15 21:22:57,2020-09-15 21:23:00,2.858s,PASSED
"click(findTestObject(""Object Repository/Page_Tunescribers  Cart/a_Checkout""))",Chrome 85.0.4183.102,,,2020-09-15 21:23:00,2020-09-15 21:23:03,3.169s,PASSED
"setText(findTestObject(""Object Repository/Page_Tunescribers  Checkout/input_Paypal_number""), ""4242424242424242"")",Chrome 85.0.4183.102,,,2020-09-15 21:23:03,2020-09-15 21:23:05,1.235s,PASSED
"setText(findTestObject(""Object Repository/Page_Tunescribers  Checkout/input_Paypal_security""), ""123"")",Chrome 85.0.4183.102,,,2020-09-15 21:23:05,2020-09-15 21:23:05,0.665s,PASSED
"setText(findTestObject(""Object Repository/Page_Tunescribers  Checkout/input_Paypal_name""), ""Danyal"")",Chrome 85.0.4183.102,,,2020-09-15 21:23:05,2020-09-15 21:23:06,0.736s,PASSED
"selectOptionByValue(findTestObject(""Object Repository/Page_Tunescribers  Checkout/select_Exp Month123456789101112""), ""12"", true)",Chrome 85.0.4183.102,,,2020-09-15 21:23:06,2020-09-15 21:23:08,1.595s,PASSED
"selectOptionByValue(findTestObject(""Object Repository/Page_Tunescribers  Checkout/select_Exp Year2020202120222023202420252026_a03cde""), ""2028"", true)",Chrome 85.0.4183.102,,,2020-09-15 21:23:08,2020-09-15 21:23:09,1.679s,PASSED
"checkoutSubmit = findWebElement(findTestObject(""Object Repository/Page_Tunescribers  Checkout/input_Previous_submit""), 30)",Chrome 85.0.4183.102,,,2020-09-15 21:23:09,2020-09-15 21:23:10,0.434s,PASSED
"executeJavaScript(""arguments[0].click()"", Arrays.asList(checkoutSubmit))",Chrome 85.0.4183.102,,,2020-09-15 21:23:10,2020-09-15 21:23:14,4.227s,PASSED
closeBrowser(),Chrome 85.0.4183.102,,,2020-09-15 21:23:14,2020-09-15 21:23:15,0.859s,PASSED
