Suite/Test/Step Name,Browser,Description,Tag,Start time,End time,Duration,Status
Tunescribers UAT,Chrome 86.0.4240.111,,,2020-10-28 19:26:28,2020-10-28 19:33:56,7m - 28.374s,FAILED
,,,,,,,
Test Cases/Tunescribers UAT/Automated Youtube Song Order,Chrome 86.0.4240.111,"ID: Muhammad Danyal
Rush Job: No
Payment Method: Credit Card",,2020-10-28 19:26:29,2020-10-28 19:27:43,1m - 14.335s,PASSED
"openBrowser(""https://uat.tunescribers.com/"")",Chrome 86.0.4240.111,,,2020-10-28 19:26:29,2020-10-28 19:26:45,15.142s,PASSED
maximizeWindow(),Chrome 86.0.4240.111,,,2020-10-28 19:26:45,2020-10-28 19:26:47,2.167s,PASSED
"click(findTestObject(""Object Repository/Page_Tunescribers  Worlds Finest Music Tran_77530f/a_Login""))",Chrome 86.0.4240.111,,,2020-10-28 19:26:47,2020-10-28 19:26:51,4.061s,PASSED
"setText(findTestObject(""Object Repository/Page_Tunescribers  Login/input_Please enter email and password_username""), ""muhammad.danyal@cooperativecomputing.com"")",Chrome 86.0.4240.111,,,2020-10-28 19:26:51,2020-10-28 19:26:51,0.645s,PASSED
"setEncryptedText(findTestObject(""Object Repository/Page_Tunescribers  Login/input_Please enter email and password_password""), ""he6LtG7CITvGDhmDyKTJqw=="")",Chrome 86.0.4240.111,,,2020-10-28 19:26:51,2020-10-28 19:26:52,0.806s,PASSED
"click(findTestObject(""Object Repository/Page_Tunescribers  Login/input_Forgot your password_button text-cent_363f13""))",Chrome 86.0.4240.111,,,2020-10-28 19:26:52,2020-10-28 19:26:56,4.192s,PASSED
"click(findTestObject(""Object Repository/Page_Tunescribers  Customer Dashboard/a_Home""))",Chrome 86.0.4240.111,,,2020-10-28 19:26:56,2020-10-28 19:27:00,3.537s,PASSED
"click(findTestObject(""Object Repository/Page_Tunescribers  Worlds Finest Music Tran_77530f/p_Examples httpsyoutubeQse0LMVAzBEhttpswwwy_9a24e6""))",Chrome 86.0.4240.111,,,2020-10-28 19:27:00,2020-10-28 19:27:01,0.662s,PASSED
"setText(findTestObject(""Object Repository/Page_Tunescribers  Worlds Finest Music Tran_77530f/input_Enter the songs YouTube web address_link""), ""https://www.youtube.com/watch?v=6jmnASVqZMU"")",Chrome 86.0.4240.111,,,2020-10-28 19:27:01,2020-10-28 19:27:01,0.485s,PASSED
"click(findTestObject(""Object Repository/Page_Tunescribers  Worlds Finest Music Tran_77530f/input_Enter the songs YouTube web address_b_4fcef0""))",Chrome 86.0.4240.111,,,2020-10-28 19:27:01,2020-10-28 19:27:02,0.419s,PASSED
delay(5),Chrome 86.0.4240.111,,,2020-10-28 19:27:02,2020-10-28 19:27:07,5.033s,PASSED
"click(findTestObject(""Object Repository/Page_Tunescribers  Worlds Finest Music Tran_77530f/input_Cancel_continue""))",Chrome 86.0.4240.111,,,2020-10-28 19:27:07,2020-10-28 19:27:10,3.180s,PASSED
"click(findTestObject(""Page_Tunescribers  Step/a-Next_Youtube""))",Chrome 86.0.4240.111,,,2020-10-28 19:27:10,2020-10-28 19:27:10,0.606s,PASSED
"click(findTestObject(""Object Repository/Page_Tunescribers  Step/label_I own the copyright""))",Chrome 86.0.4240.111,,,2020-10-28 19:27:10,2020-10-28 19:27:11,0.460s,PASSED
"setText(findTestObject(""Object Repository/Page_Tunescribers  Step/input_I own the copyright_copyrightfield""), ""Automated Copyright"")",Chrome 86.0.4240.111,,,2020-10-28 19:27:11,2020-10-28 19:27:11,0.434s,PASSED
"click(findTestObject(""Page_Tunescribers  Step/a_Next_1_Youtube""))",Chrome 86.0.4240.111,,,2020-10-28 19:27:11,2020-10-28 19:27:12,0.405s,PASSED
"doubleClick(findTestObject(""Object Repository/Page_Tunescribers  Step/input_Song title_title""))",Chrome 86.0.4240.111,,,2020-10-28 19:27:12,2020-10-28 19:27:12,0.727s,PASSED
"setText(findTestObject(""Object Repository/Page_Tunescribers  Step/input_Song title_title""), ""Automated Youtube Song"")",Chrome 86.0.4240.111,,,2020-10-28 19:27:12,2020-10-28 19:27:13,0.466s,PASSED
"click(findTestObject(""Page_Tunescribers  Step/a_Next_1_2_Youtube""))",Chrome 86.0.4240.111,,,2020-10-28 19:27:13,2020-10-28 19:27:13,0.410s,PASSED
"click(findTestObject(""Page_Tunescribers  Step/a_Next_1_2_3_Youtube""))",Chrome 86.0.4240.111,,,2020-10-28 19:27:13,2020-10-28 19:27:14,0.550s,PASSED
"click(findTestObject(""Object Repository/Page_Tunescribers  Step/input_I agree to the above and to theand_terms""))",Chrome 86.0.4240.111,,,2020-10-28 19:27:14,2020-10-28 19:27:14,0.684s,PASSED
"click(findTestObject(""Object Repository/Page_Tunescribers  Step/a_Continue to Checkout""))",Chrome 86.0.4240.111,,,2020-10-28 19:27:14,2020-10-28 19:27:18,3.507s,PASSED
"click(findTestObject(""Object Repository/Page_Tunescribers  Cart/a_Checkout""))",Chrome 86.0.4240.111,,,2020-10-28 19:27:18,2020-10-28 19:27:22,4.232s,PASSED
"setText(findTestObject(""Object Repository/Page_Tunescribers  Checkout/input_Paypal_number""), ""4242424242424242"")",Chrome 86.0.4240.111,,,2020-10-28 19:27:22,2020-10-28 19:27:23,1.174s,PASSED
"setText(findTestObject(""Object Repository/Page_Tunescribers  Checkout/input_Paypal_security""), ""123"")",Chrome 86.0.4240.111,,,2020-10-28 19:27:23,2020-10-28 19:27:24,0.406s,PASSED
"setText(findTestObject(""Object Repository/Page_Tunescribers  Checkout/input_Paypal_name""), ""Danyal"")",Chrome 86.0.4240.111,,,2020-10-28 19:27:24,2020-10-28 19:27:24,0.391s,PASSED
"selectOptionByValue(findTestObject(""Object Repository/Page_Tunescribers  Checkout/select_Exp Month123456789101112""), ""12"", true)",Chrome 86.0.4240.111,,,2020-10-28 19:27:24,2020-10-28 19:27:25,1.108s,PASSED
"selectOptionByValue(findTestObject(""Object Repository/Page_Tunescribers  Checkout/select_Exp Year2020202120222023202420252026_a03cde""), ""2028"", true)",Chrome 86.0.4240.111,,,2020-10-28 19:27:25,2020-10-28 19:27:26,1.021s,PASSED
"checkoutSubmit = findWebElement(findTestObject(""Object Repository/Page_Tunescribers  Checkout/input_Previous_submit""), 30)",Chrome 86.0.4240.111,,,2020-10-28 19:27:26,2020-10-28 19:27:27,0.302s,PASSED
"executeJavaScript(""arguments[0].click()"", Arrays.asList(checkoutSubmit))",Chrome 86.0.4240.111,,,2020-10-28 19:27:27,2020-10-28 19:27:42,15.633s,PASSED
closeBrowser(),Chrome 86.0.4240.111,,,2020-10-28 19:27:42,2020-10-28 19:27:43,0.731s,PASSED
,,,,,,,
Test Cases/Tunescribers UAT/Automated Youtube song Order Using Coupon Code,Chrome 86.0.4240.111,"ID: Muhammad Danyal
Rush Job: No
Coupon Code: madiha(100%)",,2020-10-28 19:27:43,2020-10-28 19:28:39,55.545s,PASSED
"openBrowser(""https://uat.tunescribers.com/"")",Chrome 86.0.4240.111,,,2020-10-28 19:27:43,2020-10-28 19:27:53,10.002s,PASSED
maximizeWindow(),Chrome 86.0.4240.111,,,2020-10-28 19:27:53,2020-10-28 19:27:56,2.142s,PASSED
"click(findTestObject(""Object Repository/Page_Tunescribers  Worlds Finest Music Tran_77530f/a_Login""))",Chrome 86.0.4240.111,,,2020-10-28 19:27:56,2020-10-28 19:27:59,3.672s,PASSED
"setText(findTestObject(""Object Repository/Page_Tunescribers  Login/input_Please enter email and password_username""), ""muhammad.danyal@cooperativecomputing.com"")",Chrome 86.0.4240.111,,,2020-10-28 19:27:59,2020-10-28 19:28:00,0.481s,PASSED
"setEncryptedText(findTestObject(""Object Repository/Page_Tunescribers  Login/input_Please enter email and password_password""), ""he6LtG7CITvGDhmDyKTJqw=="")",Chrome 86.0.4240.111,,,2020-10-28 19:28:00,2020-10-28 19:28:00,0.439s,PASSED
"click(findTestObject(""Object Repository/Page_Tunescribers  Login/input_Forgot your password_button text-cent_363f13""))",Chrome 86.0.4240.111,,,2020-10-28 19:28:00,2020-10-28 19:28:03,3.204s,PASSED
"click(findTestObject(""Object Repository/Page_Tunescribers  Customer Dashboard/a_Home""))",Chrome 86.0.4240.111,,,2020-10-28 19:28:03,2020-10-28 19:28:07,3.902s,PASSED
"click(findTestObject(""Object Repository/Page_Tunescribers  Worlds Finest Music Tran_77530f/p_Examples httpsyoutubeQse0LMVAzBEhttpswwwy_9a24e6""))",Chrome 86.0.4240.111,,,2020-10-28 19:28:07,2020-10-28 19:28:08,0.543s,PASSED
"setText(findTestObject(""Object Repository/Page_Tunescribers  Worlds Finest Music Tran_77530f/input_Enter the songs YouTube web address_link""), ""https://www.youtube.com/watch?v=6jmnASVqZMU"")",Chrome 86.0.4240.111,,,2020-10-28 19:28:08,2020-10-28 19:28:08,0.463s,PASSED
"click(findTestObject(""Object Repository/Page_Tunescribers  Worlds Finest Music Tran_77530f/input_Enter the songs YouTube web address_b_4fcef0""))",Chrome 86.0.4240.111,,,2020-10-28 19:28:08,2020-10-28 19:28:09,0.370s,PASSED
delay(5),Chrome 86.0.4240.111,,,2020-10-28 19:28:09,2020-10-28 19:28:14,5.003s,PASSED
"click(findTestObject(""Object Repository/Page_Tunescribers  Worlds Finest Music Tran_77530f/input_Cancel_continue""))",Chrome 86.0.4240.111,,,2020-10-28 19:28:14,2020-10-28 19:28:17,3.187s,PASSED
"click(findTestObject(""Object Repository/Page_Tunescribers  Step/a-Next_Youtube""))",Chrome 86.0.4240.111,,,2020-10-28 19:28:17,2020-10-28 19:28:18,0.762s,PASSED
"click(findTestObject(""Object Repository/Page_Tunescribers  Step/label_I own the copyright""))",Chrome 86.0.4240.111,,,2020-10-28 19:28:18,2020-10-28 19:28:18,0.465s,PASSED
"setText(findTestObject(""Object Repository/Page_Tunescribers  Step/input_I own the copyright_copyrightfield""), ""Automated Copyright"")",Chrome 86.0.4240.111,,,2020-10-28 19:28:18,2020-10-28 19:28:18,0.412s,PASSED
"click(findTestObject(""Object Repository/Page_Tunescribers  Step/a_Next_1_Youtube""))",Chrome 86.0.4240.111,,,2020-10-28 19:28:18,2020-10-28 19:28:19,0.840s,PASSED
"doubleClick(findTestObject(""Object Repository/Page_Tunescribers  Step/input_Song title_title""))",Chrome 86.0.4240.111,,,2020-10-28 19:28:19,2020-10-28 19:28:20,0.791s,PASSED
"setText(findTestObject(""Object Repository/Page_Tunescribers  Step/input_Song title_title""), ""Automated Youtube Song Using Coupon Code"")",Chrome 86.0.4240.111,,,2020-10-28 19:28:20,2020-10-28 19:28:21,0.550s,PASSED
"click(findTestObject(""Object Repository/Page_Tunescribers  Step/a_Next_1_2_Youtube""))",Chrome 86.0.4240.111,,,2020-10-28 19:28:21,2020-10-28 19:28:21,0.388s,PASSED
"click(findTestObject(""Object Repository/Page_Tunescribers  Step/a_Next_1_2_3_Youtube""))",Chrome 86.0.4240.111,,,2020-10-28 19:28:21,2020-10-28 19:28:22,0.569s,PASSED
"click(findTestObject(""Object Repository/Page_Tunescribers  Step/input_I agree to the above and to theand_terms""))",Chrome 86.0.4240.111,,,2020-10-28 19:28:22,2020-10-28 19:28:22,0.690s,PASSED
"click(findTestObject(""Object Repository/Page_Tunescribers  Step/a_Continue to Checkout""))",Chrome 86.0.4240.111,,,2020-10-28 19:28:22,2020-10-28 19:28:26,3.275s,PASSED
"click(findTestObject(""Object Repository/a_Checkout""))",Chrome 86.0.4240.111,,,2020-10-28 19:28:26,2020-10-28 19:28:29,3.834s,PASSED
"setText(findTestObject(""Object Repository/input_Discount Code_discount""), ""madiha"")",Chrome 86.0.4240.111,,,2020-10-28 19:28:29,2020-10-28 19:28:30,1.053s,PASSED
"click(findTestObject(""Object Repository/button_Validate Code""))",Chrome 86.0.4240.111,,,2020-10-28 19:28:30,2020-10-28 19:28:31,0.357s,PASSED
"checkoutSubmit = findWebElement(findTestObject(""Object Repository/Page_Tunescribers  Checkout/input_Previous_submit""), 30)",Chrome 86.0.4240.111,,,2020-10-28 19:28:31,2020-10-28 19:28:33,1.949s,PASSED
"executeJavaScript(""arguments[0].click()"", Arrays.asList(checkoutSubmit))",Chrome 86.0.4240.111,,,2020-10-28 19:28:33,2020-10-28 19:28:38,5.081s,PASSED
closeBrowser(),Chrome 86.0.4240.111,,,2020-10-28 19:28:38,2020-10-28 19:28:39,0.726s,PASSED
,,,,,,,
Test Cases/Tunescribers UAT/Automated Song for Sale Order,Chrome 86.0.4240.111,"ID: Muhammad Danyal
Payment Method: Credit Card",,2020-10-28 19:28:39,2020-10-28 19:29:36,57.776s,PASSED
"openBrowser(""https://uat.tunescribers.com/"")",Chrome 86.0.4240.111,,,2020-10-28 19:28:39,2020-10-28 19:28:49,9.785s,PASSED
maximizeWindow(),Chrome 86.0.4240.111,,,2020-10-28 19:28:49,2020-10-28 19:28:51,2.129s,PASSED
"click(findTestObject(""Object Repository/Page_Tunescribers  Worlds Finest Music Tran_77530f/a_Login""))",Chrome 86.0.4240.111,,,2020-10-28 19:28:51,2020-10-28 19:28:55,3.731s,PASSED
"setText(findTestObject(""Object Repository/Page_Tunescribers  Login/input_Please enter email and password_username""), ""muhammad.danyal@cooperativecomputing.com"")",Chrome 86.0.4240.111,,,2020-10-28 19:28:55,2020-10-28 19:28:55,0.503s,PASSED
"setEncryptedText(findTestObject(""Object Repository/Page_Tunescribers  Login/input_Please enter email and password_password""), ""he6LtG7CITvGDhmDyKTJqw=="")",Chrome 86.0.4240.111,,,2020-10-28 19:28:55,2020-10-28 19:28:56,0.448s,PASSED
"click(findTestObject(""Object Repository/Page_Tunescribers  Login/input_Forgot your password_button text-cent_363f13""))",Chrome 86.0.4240.111,,,2020-10-28 19:28:56,2020-10-28 19:28:59,3.726s,PASSED
"click(findTestObject(""Object Repository/Page_Tunescribers  Customer Dashboard/a_Songs for Sale""))",Chrome 86.0.4240.111,,,2020-10-28 19:28:59,2020-10-28 19:29:02,3.157s,PASSED
"navigateToUrl(""https://uat.tunescribers.com/catalog"")",Chrome 86.0.4240.111,,,2020-10-28 19:29:02,2020-10-28 19:29:05,2.139s,PASSED
"click(findTestObject(""Object Repository/Page_Tunescribers  Songs For Sale/u_Karakoram - Toofaan""))",Chrome 86.0.4240.111,,,2020-10-28 19:29:05,2020-10-28 19:29:06,0.898s,PASSED
"switchToWindowTitle(""Tunescribers | Karakoram - Toofaan | Sheet Music"")",Chrome 86.0.4240.111,,,2020-10-28 19:29:06,2020-10-28 19:29:11,5.763s,PASSED
"click(findTestObject(""Object Repository/Page_Tunescribers  Karakoram - Toofaan  She_e70c6a/img_Check out todays special deals_cartButtons""))",Chrome 86.0.4240.111,,,2020-10-28 19:29:11,2020-10-28 19:29:15,3.428s,PASSED
"click(findTestObject(""Page_Tunescribers  Cart/a_Checkout""))",Chrome 86.0.4240.111,,,2020-10-28 19:29:15,2020-10-28 19:29:18,2.830s,PASSED
"setText(findTestObject(""Page_Tunescribers  Checkout/input_Paypal_number""), ""4242424242424242"")",Chrome 86.0.4240.111,,,2020-10-28 19:29:18,2020-10-28 19:29:19,1.147s,PASSED
"setText(findTestObject(""Page_Tunescribers  Checkout/input_Paypal_security""), ""123"")",Chrome 86.0.4240.111,,,2020-10-28 19:29:19,2020-10-28 19:29:19,0.388s,PASSED
"setText(findTestObject(""Page_Tunescribers  Checkout/input_Paypal_name""), ""Danyal"")",Chrome 86.0.4240.111,,,2020-10-28 19:29:19,2020-10-28 19:29:19,0.387s,PASSED
"selectOptionByValue(findTestObject(""Page_Tunescribers  Checkout/select_Exp Month123456789101112""), ""12"", true)",Chrome 86.0.4240.111,,,2020-10-28 19:29:19,2020-10-28 19:29:21,1.490s,PASSED
"selectOptionByValue(findTestObject(""Page_Tunescribers  Checkout/select_Exp Year2020202120222023202420252026_a03cde""), ""2028"", true)",Chrome 86.0.4240.111,,,2020-10-28 19:29:21,2020-10-28 19:29:22,1.011s,PASSED
"checkoutSubmit = findWebElement(findTestObject(""Object Repository/Page_Tunescribers  Checkout/input_Previous_submit""), 30)",Chrome 86.0.4240.111,,,2020-10-28 19:29:22,2020-10-28 19:29:22,0.297s,PASSED
"executeJavaScript(""arguments[0].click()"", Arrays.asList(checkoutSubmit))",Chrome 86.0.4240.111,,,2020-10-28 19:29:22,2020-10-28 19:29:36,13.340s,PASSED
closeBrowser(),Chrome 86.0.4240.111,,,2020-10-28 19:29:36,2020-10-28 19:29:36,0.734s,PASSED
,,,,,,,
Test Cases/Tunescribers UAT/Automated Song For Sale Order Using Points,Chrome 86.0.4240.111,"Id: Muhammad Danyal
Payment Method: Points",,2020-10-28 19:29:36,2020-10-28 19:30:23,46.866s,PASSED
"openBrowser(""https://uat.tunescribers.com/"")",Chrome 86.0.4240.111,,,2020-10-28 19:29:37,2020-10-28 19:29:45,8.496s,PASSED
maximizeWindow(),Chrome 86.0.4240.111,,,2020-10-28 19:29:45,2020-10-28 19:29:47,2.133s,PASSED
"click(findTestObject(""Object Repository/a_Login""))",Chrome 86.0.4240.111,,,2020-10-28 19:29:47,2020-10-28 19:29:51,3.300s,PASSED
"setText(findTestObject(""Object Repository/Page_Tunescribers  Login/input_Please enter email and password_username""), ""muhammad.danyal@cooperativecomputing.com"")",Chrome 86.0.4240.111,,,2020-10-28 19:29:51,2020-10-28 19:29:51,0.699s,PASSED
"setEncryptedText(findTestObject(""Object Repository/Page_Tunescribers  Login/input_Please enter email and password_password""), ""he6LtG7CITvGDhmDyKTJqw=="")",Chrome 86.0.4240.111,,,2020-10-28 19:29:51,2020-10-28 19:29:52,0.440s,PASSED
"click(findTestObject(""Object Repository/Page_Tunescribers  Login/input_Forgot your password_button text-cent_363f13""))",Chrome 86.0.4240.111,,,2020-10-28 19:29:52,2020-10-28 19:29:56,3.690s,PASSED
"click(findTestObject(""Object Repository/Page_Tunescribers  Customer Dashboard/a_Songs for Sale""))",Chrome 86.0.4240.111,,,2020-10-28 19:29:56,2020-10-28 19:29:59,3.384s,PASSED
"navigateToUrl(""https://uat.tunescribers.com/catalog"")",Chrome 86.0.4240.111,,,2020-10-28 19:29:59,2020-10-28 19:30:01,2.068s,PASSED
"click(findTestObject(""Object Repository/Page_Tunescribers  Songs For Sale/u_Karakoram - Toofaan""))",Chrome 86.0.4240.111,,,2020-10-28 19:30:01,2020-10-28 19:30:02,0.900s,PASSED
"switchToWindowTitle(""Tunescribers | Karakoram - Toofaan | Sheet Music"")",Chrome 86.0.4240.111,,,2020-10-28 19:30:02,2020-10-28 19:30:10,7.717s,PASSED
"click(findTestObject(""Object Repository/img_000_cartButtons""))",Chrome 86.0.4240.111,,,2020-10-28 19:30:10,2020-10-28 19:30:14,4.179s,PASSED
"click(findTestObject(""Page_Tunescribers  Cart/a_Checkout""))",Chrome 86.0.4240.111,,,2020-10-28 19:30:14,2020-10-28 19:30:17,3.107s,PASSED
"checkoutSubmit = findWebElement(findTestObject(""Object Repository/Page_Tunescribers  Checkout/input_Previous_submit""), 30)",Chrome 86.0.4240.111,,,2020-10-28 19:30:17,2020-10-28 19:30:18,1.009s,PASSED
"executeJavaScript(""arguments[0].click()"", Arrays.asList(checkoutSubmit))",Chrome 86.0.4240.111,,,2020-10-28 19:30:18,2020-10-28 19:30:22,4.489s,PASSED
closeBrowser(),Chrome 86.0.4240.111,,,2020-10-28 19:30:22,2020-10-28 19:30:23,0.731s,PASSED
,,,,,,,
Test Cases/Tunescribers UAT/Automated Song For Sale Order Using Coupon Code,Chrome 86.0.4240.111,,,2020-10-28 19:30:23,2020-10-28 19:31:12,49.272s,PASSED
"openBrowser(""https://uat.tunescribers.com/"")",Chrome 86.0.4240.111,,,2020-10-28 19:30:24,2020-10-28 19:30:34,10.063s,PASSED
maximizeWindow(),Chrome 86.0.4240.111,,,2020-10-28 19:30:34,2020-10-28 19:30:36,2.127s,PASSED
"click(findTestObject(""Object Repository/Page_Tunescribers  Worlds Finest Music Tran_77530f/a_Login""))",Chrome 86.0.4240.111,,,2020-10-28 19:30:36,2020-10-28 19:30:39,3.587s,PASSED
"setText(findTestObject(""Object Repository/Page_Tunescribers  Login/input_Please enter email and password_username""), ""muhammad.danyal@cooperativecomputing.com"")",Chrome 86.0.4240.111,,,2020-10-28 19:30:39,2020-10-28 19:30:40,0.515s,PASSED
"setEncryptedText(findTestObject(""Object Repository/Page_Tunescribers  Login/input_Please enter email and password_password""), ""he6LtG7CITvGDhmDyKTJqw=="")",Chrome 86.0.4240.111,,,2020-10-28 19:30:40,2020-10-28 19:30:40,0.430s,PASSED
"click(findTestObject(""Object Repository/Page_Tunescribers  Login/input_Forgot your password_button text-cent_363f13""))",Chrome 86.0.4240.111,,,2020-10-28 19:30:40,2020-10-28 19:30:44,3.691s,PASSED
"click(findTestObject(""Object Repository/Page_Tunescribers  Customer Dashboard/a_Songs for Sale""))",Chrome 86.0.4240.111,,,2020-10-28 19:30:44,2020-10-28 19:30:48,3.787s,PASSED
"navigateToUrl(""https://uat.tunescribers.com/catalog"")",Chrome 86.0.4240.111,,,2020-10-28 19:30:48,2020-10-28 19:30:51,2.839s,PASSED
"click(findTestObject(""Object Repository/Page_Tunescribers  Songs For Sale/u_Karakoram - Toofaan""))",Chrome 86.0.4240.111,,,2020-10-28 19:30:51,2020-10-28 19:30:51,0.895s,PASSED
"switchToWindowTitle(""Tunescribers | Karakoram - Toofaan | Sheet Music"")",Chrome 86.0.4240.111,,,2020-10-28 19:30:51,2020-10-28 19:30:57,5.466s,PASSED
"click(findTestObject(""Object Repository/Page_Tunescribers  Karakoram - Toofaan  She_e70c6a/img_Check out todays special deals_cartButtons""))",Chrome 86.0.4240.111,,,2020-10-28 19:30:57,2020-10-28 19:31:01,3.753s,PASSED
"click(findTestObject(""Page_Tunescribers  Cart/a_Checkout""))",Chrome 86.0.4240.111,,,2020-10-28 19:31:01,2020-10-28 19:31:04,3.048s,PASSED
"setText(findTestObject(""Object Repository/input_Discount Code_discount""), ""madiha"")",Chrome 86.0.4240.111,,,2020-10-28 19:31:04,2020-10-28 19:31:05,1.158s,PASSED
"click(findTestObject(""Object Repository/button_Validate Code""))",Chrome 86.0.4240.111,,,2020-10-28 19:31:05,2020-10-28 19:31:05,0.357s,PASSED
"checkoutSubmit = findWebElement(findTestObject(""Object Repository/Page_Tunescribers  Checkout/input_Previous_submit""), 30)",Chrome 86.0.4240.111,,,2020-10-28 19:31:05,2020-10-28 19:31:07,1.857s,PASSED
"executeJavaScript(""arguments[0].click()"", Arrays.asList(checkoutSubmit))",Chrome 86.0.4240.111,,,2020-10-28 19:31:07,2020-10-28 19:31:12,4.627s,PASSED
closeBrowser(),Chrome 86.0.4240.111,,,2020-10-28 19:31:12,2020-10-28 19:31:12,0.722s,PASSED
,,,,,,,
Test Cases/Tunescribers UAT/Automated Product Code Order,Chrome 86.0.4240.111,"ID: Muhammad Danyal
Payment Method: Credit Card
Product Code: https://uat.tunescribers.com/product-code/threedollar",,2020-10-28 19:31:12,2020-10-28 19:32:11,58.897s,PASSED
"openBrowser(""https://uat.tunescribers.com/product-code/threedollar"")",Chrome 86.0.4240.111,,,2020-10-28 19:31:13,2020-10-28 19:31:21,7.765s,PASSED
maximizeWindow(),Chrome 86.0.4240.111,,,2020-10-28 19:31:21,2020-10-28 19:31:23,2.131s,PASSED
"setText(findTestObject(""Page_Tunescribers  Step/input_Song title_title""), ""Automated Product Code Song"")",Chrome 86.0.4240.111,,,2020-10-28 19:31:23,2020-10-28 19:31:23,0.500s,PASSED
"setText(findTestObject(""Page_Tunescribers  Step/input_Written by_author_name""), ""Muhammad Danyal"")",Chrome 86.0.4240.111,,,2020-10-28 19:31:23,2020-10-28 19:31:24,0.452s,PASSED
"setText(findTestObject(""Page_Tunescribers  Step/input_Performed by_performer""), ""Muhammad Danyal"")",Chrome 86.0.4240.111,,,2020-10-28 19:31:24,2020-10-28 19:31:24,0.452s,PASSED
"aNext = findWebElement(findTestObject(""Page_Tunescribers  Step/a_Next""), 30)",Chrome 86.0.4240.111,,,2020-10-28 19:31:24,2020-10-28 19:31:24,0.298s,PASSED
"executeJavaScript(""arguments[0].click()"", Arrays.asList(aNext))",Chrome 86.0.4240.111,,,2020-10-28 19:31:24,2020-10-28 19:31:24,0.073s,PASSED
"click(findTestObject(""Page_Tunescribers  Step/a_Next_1""))",Chrome 86.0.4240.111,,,2020-10-28 19:31:24,2020-10-28 19:31:25,0.739s,PASSED
"click(findTestObject(""Page_Tunescribers  Step/input_I agree to the above and to theand_terms""))",Chrome 86.0.4240.111,,,2020-10-28 19:31:25,2020-10-28 19:31:26,0.733s,PASSED
"click(findTestObject(""Page_Tunescribers  Step/a_Continue to Checkout""))",Chrome 86.0.4240.111,,,2020-10-28 19:31:26,2020-10-28 19:31:30,3.796s,PASSED
"navigateToUrl(""https://uat.tunescribers.com/video-cart"")",Chrome 86.0.4240.111,,,2020-10-28 19:31:30,2020-10-28 19:31:32,2.035s,PASSED
"click(findTestObject(""Page_Tunescribers  Cart/a_Checkout""))",Chrome 86.0.4240.111,,,2020-10-28 19:31:32,2020-10-28 19:31:40,8.120s,PASSED
"setText(findTestObject(""Page_Tunescribers  Checkout/input_Please enter email and password_username""), ""muhammad.danyal@cooperativecomputing.com"")",Chrome 86.0.4240.111,,,2020-10-28 19:31:40,2020-10-28 19:31:41,1.261s,PASSED
"setEncryptedText(findTestObject(""Page_Tunescribers  Checkout/input_Please enter email and password_password""), ""he6LtG7CITvGDhmDyKTJqw=="")",Chrome 86.0.4240.111,,,2020-10-28 19:31:41,2020-10-28 19:31:42,0.389s,PASSED
"click(findTestObject(""Page_Tunescribers  Checkout/input_Forgot your password_btn button text-_9d5dbf""))",Chrome 86.0.4240.111,,,2020-10-28 19:31:42,2020-10-28 19:31:45,3.065s,PASSED
"setText(findTestObject(""Page_Tunescribers  Checkout/input_Paypal_number""), ""4242424242424242"")",Chrome 86.0.4240.111,,,2020-10-28 19:31:45,2020-10-28 19:31:46,1.162s,PASSED
"setText(findTestObject(""Page_Tunescribers  Checkout/input_Paypal_security""), ""123"")",Chrome 86.0.4240.111,,,2020-10-28 19:31:46,2020-10-28 19:31:46,0.375s,PASSED
"setText(findTestObject(""Page_Tunescribers  Checkout/input_Paypal_name""), ""Danyal"")",Chrome 86.0.4240.111,,,2020-10-28 19:31:46,2020-10-28 19:31:47,0.400s,PASSED
"selectOptionByValue(findTestObject(""Page_Tunescribers  Checkout/select_Exp Month123456789101112""), ""12"", true)",Chrome 86.0.4240.111,,,2020-10-28 19:31:47,2020-10-28 19:31:48,1.465s,PASSED
"selectOptionByValue(findTestObject(""Page_Tunescribers  Checkout/select_Exp Year2020202120222023202420252026_a03cde""), ""2028"", true)",Chrome 86.0.4240.111,,,2020-10-28 19:31:48,2020-10-28 19:31:49,0.997s,PASSED
"checkoutSubmit = findWebElement(findTestObject(""Object Repository/Page_Tunescribers  Checkout/input_Previous_submit""), 30)",Chrome 86.0.4240.111,,,2020-10-28 19:31:49,2020-10-28 19:31:49,0.276s,PASSED
"executeJavaScript(""arguments[0].click()"", Arrays.asList(checkoutSubmit))",Chrome 86.0.4240.111,,,2020-10-28 19:31:49,2020-10-28 19:32:11,21.331s,PASSED
closeBrowser(),Chrome 86.0.4240.111,,,2020-10-28 19:32:11,2020-10-28 19:32:11,0.768s,PASSED
,,,,,,,
Test Cases/Tunescribers UAT/Automated Product Code Order Using Coupon code,Chrome 86.0.4240.111,,,2020-10-28 19:32:11,2020-10-28 19:32:56,45.070s,PASSED
"openBrowser(""https://uat.tunescribers.com/product-code/threedollar"")",Chrome 86.0.4240.111,,,2020-10-28 19:32:12,2020-10-28 19:32:20,8.518s,PASSED
maximizeWindow(),Chrome 86.0.4240.111,,,2020-10-28 19:32:20,2020-10-28 19:32:22,2.146s,PASSED
"setText(findTestObject(""Page_Tunescribers  Step/input_Song title_title""), ""Automated Product Code Song"")",Chrome 86.0.4240.111,,,2020-10-28 19:32:22,2020-10-28 19:32:23,0.495s,PASSED
"setText(findTestObject(""Page_Tunescribers  Step/input_Written by_author_name""), ""Muhammad Danyal"")",Chrome 86.0.4240.111,,,2020-10-28 19:32:23,2020-10-28 19:32:23,0.442s,PASSED
"setText(findTestObject(""Page_Tunescribers  Step/input_Performed by_performer""), ""Muhammad Danyal"")",Chrome 86.0.4240.111,,,2020-10-28 19:32:23,2020-10-28 19:32:24,0.453s,PASSED
"aNext = findWebElement(findTestObject(""Page_Tunescribers  Step/a_Next""), 30)",Chrome 86.0.4240.111,,,2020-10-28 19:32:24,2020-10-28 19:32:24,0.303s,PASSED
"executeJavaScript(""arguments[0].click()"", Arrays.asList(aNext))",Chrome 86.0.4240.111,,,2020-10-28 19:32:24,2020-10-28 19:32:24,0.109s,PASSED
"click(findTestObject(""Page_Tunescribers  Step/a_Next_1""))",Chrome 86.0.4240.111,,,2020-10-28 19:32:24,2020-10-28 19:32:25,0.696s,PASSED
"click(findTestObject(""Page_Tunescribers  Step/input_I agree to the above and to theand_terms""))",Chrome 86.0.4240.111,,,2020-10-28 19:32:25,2020-10-28 19:32:26,0.712s,PASSED
"click(findTestObject(""Page_Tunescribers  Step/a_Continue to Checkout""))",Chrome 86.0.4240.111,,,2020-10-28 19:32:26,2020-10-28 19:32:29,3.829s,PASSED
"navigateToUrl(""https://uat.tunescribers.com/video-cart"")",Chrome 86.0.4240.111,,,2020-10-28 19:32:29,2020-10-28 19:32:32,2.222s,PASSED
"click(findTestObject(""Page_Tunescribers  Cart/a_Checkout""))",Chrome 86.0.4240.111,,,2020-10-28 19:32:32,2020-10-28 19:32:42,10.113s,PASSED
"setText(findTestObject(""Page_Tunescribers  Checkout/input_Please enter email and password_username""), ""muhammad.danyal@cooperativecomputing.com"")",Chrome 86.0.4240.111,,,2020-10-28 19:32:42,2020-10-28 19:32:43,1.254s,PASSED
"setEncryptedText(findTestObject(""Page_Tunescribers  Checkout/input_Please enter email and password_password""), ""he6LtG7CITvGDhmDyKTJqw=="")",Chrome 86.0.4240.111,,,2020-10-28 19:32:43,2020-10-28 19:32:44,0.800s,PASSED
"click(findTestObject(""Page_Tunescribers  Checkout/input_Forgot your password_btn button text-_9d5dbf""))",Chrome 86.0.4240.111,,,2020-10-28 19:32:44,2020-10-28 19:32:47,3.106s,PASSED
"setText(findTestObject(""Object Repository/input_Discount Code_discount""), ""madiha"")",Chrome 86.0.4240.111,,,2020-10-28 19:32:47,2020-10-28 19:32:48,1.330s,PASSED
"click(findTestObject(""Object Repository/button_Validate Code""))",Chrome 86.0.4240.111,,,2020-10-28 19:32:48,2020-10-28 19:32:49,0.333s,PASSED
"checkoutSubmit = findWebElement(findTestObject(""Object Repository/Page_Tunescribers  Checkout/input_Previous_submit""), 30)",Chrome 86.0.4240.111,,,2020-10-28 19:32:49,2020-10-28 19:32:51,2.050s,PASSED
"executeJavaScript(""arguments[0].click()"", Arrays.asList(checkoutSubmit))",Chrome 86.0.4240.111,,,2020-10-28 19:32:51,2020-10-28 19:32:56,5.089s,PASSED
closeBrowser(),Chrome 86.0.4240.111,,,2020-10-28 19:32:56,2020-10-28 19:32:56,0.716s,PASSED
,,,,,,,
Test Cases/Tunescribers UAT/Automated Redirection of all the Pages,Chrome 86.0.4240.111,Test Case to verify if rediection of all the pages are working or not,,2020-10-28 19:32:56,2020-10-28 19:33:56,59.965s,FAILED
"openBrowser(""https://uat.tunescribers.com/"")",Chrome 86.0.4240.111,,,2020-10-28 19:32:57,2020-10-28 19:33:06,9.114s,PASSED
maximizeWindow(),Chrome 86.0.4240.111,,,2020-10-28 19:33:06,2020-10-28 19:33:08,2.135s,PASSED
"click(findTestObject(""Object Repository/a_Our Team""))",Chrome 86.0.4240.111,,,2020-10-28 19:33:08,2020-10-28 19:33:12,4.290s,PASSED
"navigateToUrl(""https://uat.tunescribers.com/our-team"")",Chrome 86.0.4240.111,,,2020-10-28 19:33:12,2020-10-28 19:33:14,1.948s,PASSED
"click(findTestObject(""Object Repository/a_Songs for Sale""))",Chrome 86.0.4240.111,,,2020-10-28 19:33:14,2020-10-28 19:33:18,3.355s,PASSED
"click(findTestObject(""Object Repository/a_Rewards""))",Chrome 86.0.4240.111,,,2020-10-28 19:33:18,2020-10-28 19:33:21,3.487s,PASSED
"click(findTestObject(""Object Repository/a_Customer Reviews""))",Chrome 86.0.4240.111,,,2020-10-28 19:33:21,2020-10-28 19:33:24,3.073s,PASSED
"click(findTestObject(""Object Repository/a_About""))",Chrome 86.0.4240.111,,,2020-10-28 19:33:24,2020-10-28 19:33:27,2.659s,PASSED
"click(findTestObject(""Object Repository/a_Blog""))",Chrome 86.0.4240.111,,,2020-10-28 19:33:27,2020-10-28 19:33:35,8.004s,PASSED
"click(findTestObject(""Object Repository/a_FAQs""))",Chrome 86.0.4240.111,,,2020-10-28 19:33:35,2020-10-28 19:33:46,11.623s,PASSED
"click(findTestObject(""Object Repository/a_Work For Us""))",Chrome 86.0.4240.111,,,2020-10-28 19:33:46,2020-10-28 19:33:50,3.456s,PASSED
"click(findTestObject(""Object Repository/a_Contact Us""))",Chrome 86.0.4240.111,,,2020-10-28 19:33:50,2020-10-28 19:33:53,3.107s,PASSED
"click(findTestObject(""Object Repository/a_Register""))",Chrome 86.0.4240.111,,,2020-10-28 19:33:53,2020-10-28 19:33:56,3.024s,PASSED
"click(findTestObject(""Page_Tunescribers  Register/a_Login""))",Chrome 86.0.4240.111,,,2020-10-28 19:33:56,2020-10-28 19:33:56,0.476s,FAILED
