Suite/Test/Step Name,Browser,Description,Tag,Start time,End time,Duration,Status
Tunescribers UAT,Chrome 86.0.4240.111,,,2020-10-28 19:41:26,2020-10-28 19:48:43,7m - 17.448s,PASSED
,,,,,,,
Test Cases/Tunescribers UAT/Automated Youtube Song Order,Chrome 86.0.4240.111,"ID: Muhammad Danyal
Rush Job: No
Payment Method: Credit Card",,2020-10-28 19:41:26,2020-10-28 19:42:34,1m - 7.900s,PASSED
"openBrowser(""https://uat.tunescribers.com/"")",Chrome 86.0.4240.111,,,2020-10-28 19:41:27,2020-10-28 19:41:38,10.747s,PASSED
maximizeWindow(),Chrome 86.0.4240.111,,,2020-10-28 19:41:38,2020-10-28 19:41:40,2.161s,PASSED
"click(findTestObject(""Object Repository/Page_Tunescribers  Worlds Finest Music Tran_77530f/a_Login""))",Chrome 86.0.4240.111,,,2020-10-28 19:41:40,2020-10-28 19:41:44,3.631s,PASSED
"setText(findTestObject(""Object Repository/Page_Tunescribers  Login/input_Please enter email and password_username""), ""muhammad.danyal@cooperativecomputing.com"")",Chrome 86.0.4240.111,,,2020-10-28 19:41:44,2020-10-28 19:41:44,0.567s,PASSED
"setEncryptedText(findTestObject(""Object Repository/Page_Tunescribers  Login/input_Please enter email and password_password""), ""he6LtG7CITvGDhmDyKTJqw=="")",Chrome 86.0.4240.111,,,2020-10-28 19:41:44,2020-10-28 19:41:45,0.535s,PASSED
"click(findTestObject(""Object Repository/Page_Tunescribers  Login/input_Forgot your password_button text-cent_363f13""))",Chrome 86.0.4240.111,,,2020-10-28 19:41:45,2020-10-28 19:41:49,3.886s,PASSED
"click(findTestObject(""Object Repository/Page_Tunescribers  Customer Dashboard/a_Home""))",Chrome 86.0.4240.111,,,2020-10-28 19:41:49,2020-10-28 19:41:53,3.985s,PASSED
"click(findTestObject(""Object Repository/Page_Tunescribers  Worlds Finest Music Tran_77530f/p_Examples httpsyoutubeQse0LMVAzBEhttpswwwy_9a24e6""))",Chrome 86.0.4240.111,,,2020-10-28 19:41:53,2020-10-28 19:41:53,0.461s,PASSED
"setText(findTestObject(""Object Repository/Page_Tunescribers  Worlds Finest Music Tran_77530f/input_Enter the songs YouTube web address_link""), ""https://www.youtube.com/watch?v=6jmnASVqZMU"")",Chrome 86.0.4240.111,,,2020-10-28 19:41:53,2020-10-28 19:41:54,0.474s,PASSED
"click(findTestObject(""Object Repository/Page_Tunescribers  Worlds Finest Music Tran_77530f/input_Enter the songs YouTube web address_b_4fcef0""))",Chrome 86.0.4240.111,,,2020-10-28 19:41:54,2020-10-28 19:41:54,0.406s,PASSED
delay(5),Chrome 86.0.4240.111,,,2020-10-28 19:41:54,2020-10-28 19:41:59,5.036s,PASSED
"click(findTestObject(""Object Repository/Page_Tunescribers  Worlds Finest Music Tran_77530f/input_Cancel_continue""))",Chrome 86.0.4240.111,,,2020-10-28 19:41:59,2020-10-28 19:42:02,2.963s,PASSED
"click(findTestObject(""Page_Tunescribers  Step/a-Next_Youtube""))",Chrome 86.0.4240.111,,,2020-10-28 19:42:02,2020-10-28 19:42:03,0.782s,PASSED
"click(findTestObject(""Object Repository/Page_Tunescribers  Step/label_I own the copyright""))",Chrome 86.0.4240.111,,,2020-10-28 19:42:03,2020-10-28 19:42:03,0.510s,PASSED
"setText(findTestObject(""Object Repository/Page_Tunescribers  Step/input_I own the copyright_copyrightfield""), ""Automated Copyright"")",Chrome 86.0.4240.111,,,2020-10-28 19:42:03,2020-10-28 19:42:04,0.429s,PASSED
"click(findTestObject(""Page_Tunescribers  Step/a_Next_1_Youtube""))",Chrome 86.0.4240.111,,,2020-10-28 19:42:04,2020-10-28 19:42:04,0.387s,PASSED
"doubleClick(findTestObject(""Object Repository/Page_Tunescribers  Step/input_Song title_title""))",Chrome 86.0.4240.111,,,2020-10-28 19:42:04,2020-10-28 19:42:05,0.694s,PASSED
"setText(findTestObject(""Object Repository/Page_Tunescribers  Step/input_Song title_title""), ""Automated Youtube Song"")",Chrome 86.0.4240.111,,,2020-10-28 19:42:05,2020-10-28 19:42:05,0.466s,PASSED
"click(findTestObject(""Page_Tunescribers  Step/a_Next_1_2_Youtube""))",Chrome 86.0.4240.111,,,2020-10-28 19:42:05,2020-10-28 19:42:06,0.408s,PASSED
"click(findTestObject(""Page_Tunescribers  Step/a_Next_1_2_3_Youtube""))",Chrome 86.0.4240.111,,,2020-10-28 19:42:06,2020-10-28 19:42:06,0.532s,PASSED
"click(findTestObject(""Object Repository/Page_Tunescribers  Step/input_I agree to the above and to theand_terms""))",Chrome 86.0.4240.111,,,2020-10-28 19:42:06,2020-10-28 19:42:07,0.691s,PASSED
"click(findTestObject(""Object Repository/Page_Tunescribers  Step/a_Continue to Checkout""))",Chrome 86.0.4240.111,,,2020-10-28 19:42:07,2020-10-28 19:42:10,3.316s,PASSED
"click(findTestObject(""Object Repository/Page_Tunescribers  Cart/a_Checkout""))",Chrome 86.0.4240.111,,,2020-10-28 19:42:10,2020-10-28 19:42:13,3.148s,PASSED
"setText(findTestObject(""Object Repository/Page_Tunescribers  Checkout/input_Paypal_number""), ""4242424242424242"")",Chrome 86.0.4240.111,,,2020-10-28 19:42:13,2020-10-28 19:42:14,1.154s,PASSED
"setText(findTestObject(""Object Repository/Page_Tunescribers  Checkout/input_Paypal_security""), ""123"")",Chrome 86.0.4240.111,,,2020-10-28 19:42:14,2020-10-28 19:42:15,0.394s,PASSED
"setText(findTestObject(""Object Repository/Page_Tunescribers  Checkout/input_Paypal_name""), ""Danyal"")",Chrome 86.0.4240.111,,,2020-10-28 19:42:15,2020-10-28 19:42:15,0.420s,PASSED
"selectOptionByValue(findTestObject(""Object Repository/Page_Tunescribers  Checkout/select_Exp Month123456789101112""), ""12"", true)",Chrome 86.0.4240.111,,,2020-10-28 19:42:15,2020-10-28 19:42:17,1.458s,PASSED
"selectOptionByValue(findTestObject(""Object Repository/Page_Tunescribers  Checkout/select_Exp Year2020202120222023202420252026_a03cde""), ""2028"", true)",Chrome 86.0.4240.111,,,2020-10-28 19:42:17,2020-10-28 19:42:18,1.055s,PASSED
"checkoutSubmit = findWebElement(findTestObject(""Object Repository/Page_Tunescribers  Checkout/input_Previous_submit""), 30)",Chrome 86.0.4240.111,,,2020-10-28 19:42:18,2020-10-28 19:42:18,0.352s,PASSED
"executeJavaScript(""arguments[0].click()"", Arrays.asList(checkoutSubmit))",Chrome 86.0.4240.111,,,2020-10-28 19:42:18,2020-10-28 19:42:33,15.289s,PASSED
closeBrowser(),Chrome 86.0.4240.111,,,2020-10-28 19:42:33,2020-10-28 19:42:34,0.744s,PASSED
,,,,,,,
Test Cases/Tunescribers UAT/Automated Youtube song Order Using Coupon Code,Chrome 86.0.4240.111,"ID: Muhammad Danyal
Rush Job: No
Coupon Code: madiha(100%)",,2020-10-28 19:42:34,2020-10-28 19:43:29,54.646s,PASSED
"openBrowser(""https://uat.tunescribers.com/"")",Chrome 86.0.4240.111,,,2020-10-28 19:42:35,2020-10-28 19:42:44,9.062s,PASSED
maximizeWindow(),Chrome 86.0.4240.111,,,2020-10-28 19:42:44,2020-10-28 19:42:46,2.131s,PASSED
"click(findTestObject(""Object Repository/Page_Tunescribers  Worlds Finest Music Tran_77530f/a_Login""))",Chrome 86.0.4240.111,,,2020-10-28 19:42:46,2020-10-28 19:42:49,3.651s,PASSED
"setText(findTestObject(""Object Repository/Page_Tunescribers  Login/input_Please enter email and password_username""), ""muhammad.danyal@cooperativecomputing.com"")",Chrome 86.0.4240.111,,,2020-10-28 19:42:49,2020-10-28 19:42:50,0.705s,PASSED
"setEncryptedText(findTestObject(""Object Repository/Page_Tunescribers  Login/input_Please enter email and password_password""), ""he6LtG7CITvGDhmDyKTJqw=="")",Chrome 86.0.4240.111,,,2020-10-28 19:42:50,2020-10-28 19:42:51,0.446s,PASSED
"click(findTestObject(""Object Repository/Page_Tunescribers  Login/input_Forgot your password_button text-cent_363f13""))",Chrome 86.0.4240.111,,,2020-10-28 19:42:51,2020-10-28 19:42:54,3.074s,PASSED
"click(findTestObject(""Object Repository/Page_Tunescribers  Customer Dashboard/a_Home""))",Chrome 86.0.4240.111,,,2020-10-28 19:42:54,2020-10-28 19:42:58,3.894s,PASSED
"click(findTestObject(""Object Repository/Page_Tunescribers  Worlds Finest Music Tran_77530f/p_Examples httpsyoutubeQse0LMVAzBEhttpswwwy_9a24e6""))",Chrome 86.0.4240.111,,,2020-10-28 19:42:58,2020-10-28 19:42:58,0.552s,PASSED
"setText(findTestObject(""Object Repository/Page_Tunescribers  Worlds Finest Music Tran_77530f/input_Enter the songs YouTube web address_link""), ""https://www.youtube.com/watch?v=6jmnASVqZMU"")",Chrome 86.0.4240.111,,,2020-10-28 19:42:58,2020-10-28 19:42:59,0.461s,PASSED
"click(findTestObject(""Object Repository/Page_Tunescribers  Worlds Finest Music Tran_77530f/input_Enter the songs YouTube web address_b_4fcef0""))",Chrome 86.0.4240.111,,,2020-10-28 19:42:59,2020-10-28 19:42:59,0.361s,PASSED
delay(5),Chrome 86.0.4240.111,,,2020-10-28 19:42:59,2020-10-28 19:43:04,5.003s,PASSED
"click(findTestObject(""Object Repository/Page_Tunescribers  Worlds Finest Music Tran_77530f/input_Cancel_continue""))",Chrome 86.0.4240.111,,,2020-10-28 19:43:04,2020-10-28 19:43:08,3.927s,PASSED
"click(findTestObject(""Object Repository/Page_Tunescribers  Step/a-Next_Youtube""))",Chrome 86.0.4240.111,,,2020-10-28 19:43:08,2020-10-28 19:43:08,0.555s,PASSED
"click(findTestObject(""Object Repository/Page_Tunescribers  Step/label_I own the copyright""))",Chrome 86.0.4240.111,,,2020-10-28 19:43:08,2020-10-28 19:43:09,0.496s,PASSED
"setText(findTestObject(""Object Repository/Page_Tunescribers  Step/input_I own the copyright_copyrightfield""), ""Automated Copyright"")",Chrome 86.0.4240.111,,,2020-10-28 19:43:09,2020-10-28 19:43:10,0.646s,PASSED
"click(findTestObject(""Object Repository/Page_Tunescribers  Step/a_Next_1_Youtube""))",Chrome 86.0.4240.111,,,2020-10-28 19:43:10,2020-10-28 19:43:10,0.410s,PASSED
"doubleClick(findTestObject(""Object Repository/Page_Tunescribers  Step/input_Song title_title""))",Chrome 86.0.4240.111,,,2020-10-28 19:43:10,2020-10-28 19:43:11,0.795s,PASSED
"setText(findTestObject(""Object Repository/Page_Tunescribers  Step/input_Song title_title""), ""Automated Youtube Song Using Coupon Code"")",Chrome 86.0.4240.111,,,2020-10-28 19:43:11,2020-10-28 19:43:11,0.523s,PASSED
"click(findTestObject(""Object Repository/Page_Tunescribers  Step/a_Next_1_2_Youtube""))",Chrome 86.0.4240.111,,,2020-10-28 19:43:11,2020-10-28 19:43:12,0.371s,PASSED
"click(findTestObject(""Object Repository/Page_Tunescribers  Step/a_Next_1_2_3_Youtube""))",Chrome 86.0.4240.111,,,2020-10-28 19:43:12,2020-10-28 19:43:12,0.479s,PASSED
"click(findTestObject(""Object Repository/Page_Tunescribers  Step/input_I agree to the above and to theand_terms""))",Chrome 86.0.4240.111,,,2020-10-28 19:43:12,2020-10-28 19:43:13,0.924s,PASSED
"click(findTestObject(""Object Repository/Page_Tunescribers  Step/a_Continue to Checkout""))",Chrome 86.0.4240.111,,,2020-10-28 19:43:13,2020-10-28 19:43:17,3.576s,PASSED
"click(findTestObject(""Object Repository/a_Checkout""))",Chrome 86.0.4240.111,,,2020-10-28 19:43:17,2020-10-28 19:43:20,3.285s,PASSED
"setText(findTestObject(""Object Repository/input_Discount Code_discount""), ""madiha"")",Chrome 86.0.4240.111,,,2020-10-28 19:43:20,2020-10-28 19:43:21,1.125s,PASSED
"click(findTestObject(""Object Repository/button_Validate Code""))",Chrome 86.0.4240.111,,,2020-10-28 19:43:21,2020-10-28 19:43:21,0.345s,PASSED
"checkoutSubmit = findWebElement(findTestObject(""Object Repository/Page_Tunescribers  Checkout/input_Previous_submit""), 30)",Chrome 86.0.4240.111,,,2020-10-28 19:43:21,2020-10-28 19:43:23,1.823s,PASSED
"executeJavaScript(""arguments[0].click()"", Arrays.asList(checkoutSubmit))",Chrome 86.0.4240.111,,,2020-10-28 19:43:23,2020-10-28 19:43:28,4.927s,PASSED
closeBrowser(),Chrome 86.0.4240.111,,,2020-10-28 19:43:28,2020-10-28 19:43:29,0.726s,PASSED
,,,,,,,
Test Cases/Tunescribers UAT/Automated Song for Sale Order,Chrome 86.0.4240.111,"ID: Muhammad Danyal
Payment Method: Credit Card",,2020-10-28 19:43:29,2020-10-28 19:44:39,1m - 9.752s,PASSED
"openBrowser(""https://uat.tunescribers.com/"")",Chrome 86.0.4240.111,,,2020-10-28 19:43:29,2020-10-28 19:43:50,20.927s,PASSED
maximizeWindow(),Chrome 86.0.4240.111,,,2020-10-28 19:43:50,2020-10-28 19:43:52,2.135s,PASSED
"click(findTestObject(""Object Repository/Page_Tunescribers  Worlds Finest Music Tran_77530f/a_Login""))",Chrome 86.0.4240.111,,,2020-10-28 19:43:52,2020-10-28 19:43:56,3.559s,PASSED
"setText(findTestObject(""Object Repository/Page_Tunescribers  Login/input_Please enter email and password_username""), ""muhammad.danyal@cooperativecomputing.com"")",Chrome 86.0.4240.111,,,2020-10-28 19:43:56,2020-10-28 19:43:57,0.667s,PASSED
"setEncryptedText(findTestObject(""Object Repository/Page_Tunescribers  Login/input_Please enter email and password_password""), ""he6LtG7CITvGDhmDyKTJqw=="")",Chrome 86.0.4240.111,,,2020-10-28 19:43:57,2020-10-28 19:43:57,0.440s,PASSED
"click(findTestObject(""Object Repository/Page_Tunescribers  Login/input_Forgot your password_button text-cent_363f13""))",Chrome 86.0.4240.111,,,2020-10-28 19:43:57,2020-10-28 19:44:01,3.624s,PASSED
"click(findTestObject(""Object Repository/Page_Tunescribers  Customer Dashboard/a_Songs for Sale""))",Chrome 86.0.4240.111,,,2020-10-28 19:44:01,2020-10-28 19:44:04,3.652s,PASSED
"navigateToUrl(""https://uat.tunescribers.com/catalog"")",Chrome 86.0.4240.111,,,2020-10-28 19:44:04,2020-10-28 19:44:06,2.110s,PASSED
"click(findTestObject(""Object Repository/Page_Tunescribers  Songs For Sale/u_Karakoram - Toofaan""))",Chrome 86.0.4240.111,,,2020-10-28 19:44:06,2020-10-28 19:44:07,0.899s,PASSED
"switchToWindowTitle(""Tunescribers | Karakoram - Toofaan | Sheet Music"")",Chrome 86.0.4240.111,,,2020-10-28 19:44:07,2020-10-28 19:44:13,5.683s,PASSED
"click(findTestObject(""Object Repository/Page_Tunescribers  Karakoram - Toofaan  She_e70c6a/img_Check out todays special deals_cartButtons""))",Chrome 86.0.4240.111,,,2020-10-28 19:44:13,2020-10-28 19:44:17,3.858s,PASSED
"click(findTestObject(""Page_Tunescribers  Cart/a_Checkout""))",Chrome 86.0.4240.111,,,2020-10-28 19:44:17,2020-10-28 19:44:20,2.767s,PASSED
"setText(findTestObject(""Page_Tunescribers  Checkout/input_Paypal_number""), ""4242424242424242"")",Chrome 86.0.4240.111,,,2020-10-28 19:44:20,2020-10-28 19:44:21,1.249s,PASSED
"setText(findTestObject(""Page_Tunescribers  Checkout/input_Paypal_security""), ""123"")",Chrome 86.0.4240.111,,,2020-10-28 19:44:21,2020-10-28 19:44:21,0.389s,PASSED
"setText(findTestObject(""Page_Tunescribers  Checkout/input_Paypal_name""), ""Danyal"")",Chrome 86.0.4240.111,,,2020-10-28 19:44:21,2020-10-28 19:44:22,0.376s,PASSED
"selectOptionByValue(findTestObject(""Page_Tunescribers  Checkout/select_Exp Month123456789101112""), ""12"", true)",Chrome 86.0.4240.111,,,2020-10-28 19:44:22,2020-10-28 19:44:23,1.347s,PASSED
"selectOptionByValue(findTestObject(""Page_Tunescribers  Checkout/select_Exp Year2020202120222023202420252026_a03cde""), ""2028"", true)",Chrome 86.0.4240.111,,,2020-10-28 19:44:23,2020-10-28 19:44:24,0.998s,PASSED
"checkoutSubmit = findWebElement(findTestObject(""Object Repository/Page_Tunescribers  Checkout/input_Previous_submit""), 30)",Chrome 86.0.4240.111,,,2020-10-28 19:44:24,2020-10-28 19:44:24,0.277s,PASSED
"executeJavaScript(""arguments[0].click()"", Arrays.asList(checkoutSubmit))",Chrome 86.0.4240.111,,,2020-10-28 19:44:24,2020-10-28 19:44:38,13.637s,PASSED
closeBrowser(),Chrome 86.0.4240.111,,,2020-10-28 19:44:38,2020-10-28 19:44:39,0.728s,PASSED
,,,,,,,
Test Cases/Tunescribers UAT/Automated Song For Sale Order Using Points,Chrome 86.0.4240.111,"Id: Muhammad Danyal
Payment Method: Points",,2020-10-28 19:44:39,2020-10-28 19:45:24,45.456s,PASSED
"openBrowser(""https://uat.tunescribers.com/"")",Chrome 86.0.4240.111,,,2020-10-28 19:44:39,2020-10-28 19:44:48,9.046s,PASSED
maximizeWindow(),Chrome 86.0.4240.111,,,2020-10-28 19:44:48,2020-10-28 19:44:50,2.127s,PASSED
"click(findTestObject(""Object Repository/a_Login""))",Chrome 86.0.4240.111,,,2020-10-28 19:44:50,2020-10-28 19:44:54,3.316s,PASSED
"setText(findTestObject(""Object Repository/Page_Tunescribers  Login/input_Please enter email and password_username""), ""muhammad.danyal@cooperativecomputing.com"")",Chrome 86.0.4240.111,,,2020-10-28 19:44:54,2020-10-28 19:44:54,0.458s,PASSED
"setEncryptedText(findTestObject(""Object Repository/Page_Tunescribers  Login/input_Please enter email and password_password""), ""he6LtG7CITvGDhmDyKTJqw=="")",Chrome 86.0.4240.111,,,2020-10-28 19:44:54,2020-10-28 19:44:54,0.400s,PASSED
"click(findTestObject(""Object Repository/Page_Tunescribers  Login/input_Forgot your password_button text-cent_363f13""))",Chrome 86.0.4240.111,,,2020-10-28 19:44:54,2020-10-28 19:44:58,3.644s,PASSED
"click(findTestObject(""Object Repository/Page_Tunescribers  Customer Dashboard/a_Songs for Sale""))",Chrome 86.0.4240.111,,,2020-10-28 19:44:58,2020-10-28 19:45:02,4.126s,PASSED
"navigateToUrl(""https://uat.tunescribers.com/catalog"")",Chrome 86.0.4240.111,,,2020-10-28 19:45:02,2020-10-28 19:45:04,1.998s,PASSED
"click(findTestObject(""Object Repository/Page_Tunescribers  Songs For Sale/u_Karakoram - Toofaan""))",Chrome 86.0.4240.111,,,2020-10-28 19:45:04,2020-10-28 19:45:05,0.885s,PASSED
"switchToWindowTitle(""Tunescribers | Karakoram - Toofaan | Sheet Music"")",Chrome 86.0.4240.111,,,2020-10-28 19:45:05,2020-10-28 19:45:11,5.431s,PASSED
"click(findTestObject(""Object Repository/img_000_cartButtons""))",Chrome 86.0.4240.111,,,2020-10-28 19:45:11,2020-10-28 19:45:14,3.993s,PASSED
"click(findTestObject(""Page_Tunescribers  Cart/a_Checkout""))",Chrome 86.0.4240.111,,,2020-10-28 19:45:14,2020-10-28 19:45:17,2.934s,PASSED
"checkoutSubmit = findWebElement(findTestObject(""Object Repository/Page_Tunescribers  Checkout/input_Previous_submit""), 30)",Chrome 86.0.4240.111,,,2020-10-28 19:45:17,2020-10-28 19:45:19,1.120s,PASSED
"executeJavaScript(""arguments[0].click()"", Arrays.asList(checkoutSubmit))",Chrome 86.0.4240.111,,,2020-10-28 19:45:19,2020-10-28 19:45:23,4.787s,PASSED
closeBrowser(),Chrome 86.0.4240.111,,,2020-10-28 19:45:23,2020-10-28 19:45:24,0.725s,PASSED
,,,,,,,
Test Cases/Tunescribers UAT/Automated Song For Sale Order Using Coupon Code,Chrome 86.0.4240.111,,,2020-10-28 19:45:24,2020-10-28 19:46:11,47.430s,PASSED
"openBrowser(""https://uat.tunescribers.com/"")",Chrome 86.0.4240.111,,,2020-10-28 19:45:24,2020-10-28 19:45:34,9.125s,PASSED
maximizeWindow(),Chrome 86.0.4240.111,,,2020-10-28 19:45:34,2020-10-28 19:45:36,2.126s,PASSED
"click(findTestObject(""Object Repository/Page_Tunescribers  Worlds Finest Music Tran_77530f/a_Login""))",Chrome 86.0.4240.111,,,2020-10-28 19:45:36,2020-10-28 19:45:39,3.045s,PASSED
"setText(findTestObject(""Object Repository/Page_Tunescribers  Login/input_Please enter email and password_username""), ""muhammad.danyal@cooperativecomputing.com"")",Chrome 86.0.4240.111,,,2020-10-28 19:45:39,2020-10-28 19:45:39,0.493s,PASSED
"setEncryptedText(findTestObject(""Object Repository/Page_Tunescribers  Login/input_Please enter email and password_password""), ""he6LtG7CITvGDhmDyKTJqw=="")",Chrome 86.0.4240.111,,,2020-10-28 19:45:39,2020-10-28 19:45:40,0.406s,PASSED
"click(findTestObject(""Object Repository/Page_Tunescribers  Login/input_Forgot your password_button text-cent_363f13""))",Chrome 86.0.4240.111,,,2020-10-28 19:45:40,2020-10-28 19:45:43,3.090s,PASSED
"click(findTestObject(""Object Repository/Page_Tunescribers  Customer Dashboard/a_Songs for Sale""))",Chrome 86.0.4240.111,,,2020-10-28 19:45:43,2020-10-28 19:45:47,4.440s,PASSED
"navigateToUrl(""https://uat.tunescribers.com/catalog"")",Chrome 86.0.4240.111,,,2020-10-28 19:45:47,2020-10-28 19:45:49,2.313s,PASSED
"click(findTestObject(""Object Repository/Page_Tunescribers  Songs For Sale/u_Karakoram - Toofaan""))",Chrome 86.0.4240.111,,,2020-10-28 19:45:49,2020-10-28 19:45:50,0.889s,PASSED
"switchToWindowTitle(""Tunescribers | Karakoram - Toofaan | Sheet Music"")",Chrome 86.0.4240.111,,,2020-10-28 19:45:50,2020-10-28 19:45:56,5.472s,PASSED
"click(findTestObject(""Object Repository/Page_Tunescribers  Karakoram - Toofaan  She_e70c6a/img_Check out todays special deals_cartButtons""))",Chrome 86.0.4240.111,,,2020-10-28 19:45:56,2020-10-28 19:46:00,3.798s,PASSED
"click(findTestObject(""Page_Tunescribers  Cart/a_Checkout""))",Chrome 86.0.4240.111,,,2020-10-28 19:46:00,2020-10-28 19:46:02,2.674s,PASSED
"setText(findTestObject(""Object Repository/input_Discount Code_discount""), ""madiha"")",Chrome 86.0.4240.111,,,2020-10-28 19:46:02,2020-10-28 19:46:04,1.256s,PASSED
"click(findTestObject(""Object Repository/button_Validate Code""))",Chrome 86.0.4240.111,,,2020-10-28 19:46:04,2020-10-28 19:46:04,0.337s,PASSED
"checkoutSubmit = findWebElement(findTestObject(""Object Repository/Page_Tunescribers  Checkout/input_Previous_submit""), 30)",Chrome 86.0.4240.111,,,2020-10-28 19:46:04,2020-10-28 19:46:06,1.927s,PASSED
"executeJavaScript(""arguments[0].click()"", Arrays.asList(checkoutSubmit))",Chrome 86.0.4240.111,,,2020-10-28 19:46:06,2020-10-28 19:46:11,4.885s,PASSED
closeBrowser(),Chrome 86.0.4240.111,,,2020-10-28 19:46:11,2020-10-28 19:46:11,0.793s,PASSED
,,,,,,,
Test Cases/Tunescribers UAT/Automated Product Code Order,Chrome 86.0.4240.111,"ID: Muhammad Danyal
Payment Method: Credit Card
Product Code: https://uat.tunescribers.com/product-code/threedollar",,2020-10-28 19:46:11,2020-10-28 19:47:06,54.766s,PASSED
"openBrowser(""https://uat.tunescribers.com/product-code/threedollar"")",Chrome 86.0.4240.111,,,2020-10-28 19:46:12,2020-10-28 19:46:20,7.820s,PASSED
maximizeWindow(),Chrome 86.0.4240.111,,,2020-10-28 19:46:20,2020-10-28 19:46:22,2.130s,PASSED
"setText(findTestObject(""Page_Tunescribers  Step/input_Song title_title""), ""Automated Product Code Song"")",Chrome 86.0.4240.111,,,2020-10-28 19:46:22,2020-10-28 19:46:22,0.463s,PASSED
"setText(findTestObject(""Page_Tunescribers  Step/input_Written by_author_name""), ""Muhammad Danyal"")",Chrome 86.0.4240.111,,,2020-10-28 19:46:22,2020-10-28 19:46:23,0.412s,PASSED
"setText(findTestObject(""Page_Tunescribers  Step/input_Performed by_performer""), ""Muhammad Danyal"")",Chrome 86.0.4240.111,,,2020-10-28 19:46:23,2020-10-28 19:46:23,0.416s,PASSED
"aNext = findWebElement(findTestObject(""Page_Tunescribers  Step/a_Next""), 30)",Chrome 86.0.4240.111,,,2020-10-28 19:46:23,2020-10-28 19:46:23,0.294s,PASSED
"executeJavaScript(""arguments[0].click()"", Arrays.asList(aNext))",Chrome 86.0.4240.111,,,2020-10-28 19:46:23,2020-10-28 19:46:23,0.071s,PASSED
"click(findTestObject(""Page_Tunescribers  Step/a_Next_1""))",Chrome 86.0.4240.111,,,2020-10-28 19:46:23,2020-10-28 19:46:24,0.592s,PASSED
"click(findTestObject(""Page_Tunescribers  Step/input_I agree to the above and to theand_terms""))",Chrome 86.0.4240.111,,,2020-10-28 19:46:24,2020-10-28 19:46:25,0.698s,PASSED
"click(findTestObject(""Page_Tunescribers  Step/a_Continue to Checkout""))",Chrome 86.0.4240.111,,,2020-10-28 19:46:25,2020-10-28 19:46:28,3.775s,PASSED
"navigateToUrl(""https://uat.tunescribers.com/video-cart"")",Chrome 86.0.4240.111,,,2020-10-28 19:46:28,2020-10-28 19:46:31,2.108s,PASSED
"click(findTestObject(""Page_Tunescribers  Cart/a_Checkout""))",Chrome 86.0.4240.111,,,2020-10-28 19:46:31,2020-10-28 19:46:38,7.849s,PASSED
"setText(findTestObject(""Page_Tunescribers  Checkout/input_Please enter email and password_username""), ""muhammad.danyal@cooperativecomputing.com"")",Chrome 86.0.4240.111,,,2020-10-28 19:46:38,2020-10-28 19:46:40,1.261s,PASSED
"setEncryptedText(findTestObject(""Page_Tunescribers  Checkout/input_Please enter email and password_password""), ""he6LtG7CITvGDhmDyKTJqw=="")",Chrome 86.0.4240.111,,,2020-10-28 19:46:40,2020-10-28 19:46:40,0.392s,PASSED
"click(findTestObject(""Page_Tunescribers  Checkout/input_Forgot your password_btn button text-_9d5dbf""))",Chrome 86.0.4240.111,,,2020-10-28 19:46:40,2020-10-28 19:46:44,3.898s,PASSED
"setText(findTestObject(""Page_Tunescribers  Checkout/input_Paypal_number""), ""4242424242424242"")",Chrome 86.0.4240.111,,,2020-10-28 19:46:44,2020-10-28 19:46:45,1.139s,PASSED
"setText(findTestObject(""Page_Tunescribers  Checkout/input_Paypal_security""), ""123"")",Chrome 86.0.4240.111,,,2020-10-28 19:46:45,2020-10-28 19:46:46,0.400s,PASSED
"setText(findTestObject(""Page_Tunescribers  Checkout/input_Paypal_name""), ""Danyal"")",Chrome 86.0.4240.111,,,2020-10-28 19:46:46,2020-10-28 19:46:46,0.392s,PASSED
"selectOptionByValue(findTestObject(""Page_Tunescribers  Checkout/select_Exp Month123456789101112""), ""12"", true)",Chrome 86.0.4240.111,,,2020-10-28 19:46:46,2020-10-28 19:46:47,1.190s,PASSED
"selectOptionByValue(findTestObject(""Page_Tunescribers  Checkout/select_Exp Year2020202120222023202420252026_a03cde""), ""2028"", true)",Chrome 86.0.4240.111,,,2020-10-28 19:46:47,2020-10-28 19:46:48,0.999s,PASSED
"checkoutSubmit = findWebElement(findTestObject(""Object Repository/Page_Tunescribers  Checkout/input_Previous_submit""), 30)",Chrome 86.0.4240.111,,,2020-10-28 19:46:48,2020-10-28 19:46:48,0.275s,PASSED
"executeJavaScript(""arguments[0].click()"", Arrays.asList(checkoutSubmit))",Chrome 86.0.4240.111,,,2020-10-28 19:46:48,2020-10-28 19:47:06,17.152s,PASSED
closeBrowser(),Chrome 86.0.4240.111,,,2020-10-28 19:47:06,2020-10-28 19:47:06,0.719s,PASSED
,,,,,,,
Test Cases/Tunescribers UAT/Automated Product Code Order Using Coupon code,Chrome 86.0.4240.111,,,2020-10-28 19:47:06,2020-10-28 19:47:52,46.000s,PASSED
"openBrowser(""https://uat.tunescribers.com/product-code/threedollar"")",Chrome 86.0.4240.111,,,2020-10-28 19:47:07,2020-10-28 19:47:15,8.001s,PASSED
maximizeWindow(),Chrome 86.0.4240.111,,,2020-10-28 19:47:15,2020-10-28 19:47:17,2.154s,PASSED
"setText(findTestObject(""Page_Tunescribers  Step/input_Song title_title""), ""Automated Product Code Song"")",Chrome 86.0.4240.111,,,2020-10-28 19:47:17,2020-10-28 19:47:17,0.525s,PASSED
"setText(findTestObject(""Page_Tunescribers  Step/input_Written by_author_name""), ""Muhammad Danyal"")",Chrome 86.0.4240.111,,,2020-10-28 19:47:17,2020-10-28 19:47:18,0.491s,PASSED
"setText(findTestObject(""Page_Tunescribers  Step/input_Performed by_performer""), ""Muhammad Danyal"")",Chrome 86.0.4240.111,,,2020-10-28 19:47:18,2020-10-28 19:47:18,0.457s,PASSED
"aNext = findWebElement(findTestObject(""Page_Tunescribers  Step/a_Next""), 30)",Chrome 86.0.4240.111,,,2020-10-28 19:47:18,2020-10-28 19:47:19,0.294s,PASSED
"executeJavaScript(""arguments[0].click()"", Arrays.asList(aNext))",Chrome 86.0.4240.111,,,2020-10-28 19:47:19,2020-10-28 19:47:19,0.084s,PASSED
"click(findTestObject(""Page_Tunescribers  Step/a_Next_1""))",Chrome 86.0.4240.111,,,2020-10-28 19:47:19,2020-10-28 19:47:19,0.697s,PASSED
"click(findTestObject(""Page_Tunescribers  Step/input_I agree to the above and to theand_terms""))",Chrome 86.0.4240.111,,,2020-10-28 19:47:19,2020-10-28 19:47:20,0.677s,PASSED
"click(findTestObject(""Page_Tunescribers  Step/a_Continue to Checkout""))",Chrome 86.0.4240.111,,,2020-10-28 19:47:20,2020-10-28 19:47:24,3.775s,PASSED
"navigateToUrl(""https://uat.tunescribers.com/video-cart"")",Chrome 86.0.4240.111,,,2020-10-28 19:47:24,2020-10-28 19:47:26,2.432s,PASSED
"click(findTestObject(""Page_Tunescribers  Cart/a_Checkout""))",Chrome 86.0.4240.111,,,2020-10-28 19:47:26,2020-10-28 19:47:36,9.779s,PASSED
"setText(findTestObject(""Page_Tunescribers  Checkout/input_Please enter email and password_username""), ""muhammad.danyal@cooperativecomputing.com"")",Chrome 86.0.4240.111,,,2020-10-28 19:47:36,2020-10-28 19:47:37,1.364s,PASSED
"setEncryptedText(findTestObject(""Page_Tunescribers  Checkout/input_Please enter email and password_password""), ""he6LtG7CITvGDhmDyKTJqw=="")",Chrome 86.0.4240.111,,,2020-10-28 19:47:37,2020-10-28 19:47:38,0.414s,PASSED
"click(findTestObject(""Page_Tunescribers  Checkout/input_Forgot your password_btn button text-_9d5dbf""))",Chrome 86.0.4240.111,,,2020-10-28 19:47:38,2020-10-28 19:47:42,3.793s,PASSED
"setText(findTestObject(""Object Repository/input_Discount Code_discount""), ""madiha"")",Chrome 86.0.4240.111,,,2020-10-28 19:47:42,2020-10-28 19:47:43,1.227s,PASSED
"click(findTestObject(""Object Repository/button_Validate Code""))",Chrome 86.0.4240.111,,,2020-10-28 19:47:43,2020-10-28 19:47:43,0.330s,PASSED
"checkoutSubmit = findWebElement(findTestObject(""Object Repository/Page_Tunescribers  Checkout/input_Previous_submit""), 30)",Chrome 86.0.4240.111,,,2020-10-28 19:47:43,2020-10-28 19:47:45,1.928s,PASSED
"executeJavaScript(""arguments[0].click()"", Arrays.asList(checkoutSubmit))",Chrome 86.0.4240.111,,,2020-10-28 19:47:45,2020-10-28 19:47:52,6.515s,PASSED
closeBrowser(),Chrome 86.0.4240.111,,,2020-10-28 19:47:52,2020-10-28 19:47:52,0.716s,PASSED
,,,,,,,
Test Cases/Tunescribers UAT/Automated Redirection of all the Pages,Chrome 86.0.4240.111,Test Case to verify if rediection of all the pages are working or not,,2020-10-28 19:47:52,2020-10-28 19:48:43,51.006s,PASSED
"openBrowser(""https://uat.tunescribers.com/"")",Chrome 86.0.4240.111,,,2020-10-28 19:47:52,2020-10-28 19:48:02,9.112s,PASSED
maximizeWindow(),Chrome 86.0.4240.111,,,2020-10-28 19:48:02,2020-10-28 19:48:04,2.128s,PASSED
"click(findTestObject(""Object Repository/a_Our Team""))",Chrome 86.0.4240.111,,,2020-10-28 19:48:04,2020-10-28 19:48:07,3.607s,PASSED
"navigateToUrl(""https://uat.tunescribers.com/our-team"")",Chrome 86.0.4240.111,,,2020-10-28 19:48:07,2020-10-28 19:48:09,1.682s,PASSED
"click(findTestObject(""Object Repository/a_Songs for Sale""))",Chrome 86.0.4240.111,,,2020-10-28 19:48:09,2020-10-28 19:48:12,3.455s,PASSED
"click(findTestObject(""Object Repository/a_Rewards""))",Chrome 86.0.4240.111,,,2020-10-28 19:48:12,2020-10-28 19:48:16,3.362s,PASSED
"click(findTestObject(""Object Repository/a_Customer Reviews""))",Chrome 86.0.4240.111,,,2020-10-28 19:48:16,2020-10-28 19:48:20,3.800s,PASSED
"click(findTestObject(""Object Repository/a_About""))",Chrome 86.0.4240.111,,,2020-10-28 19:48:20,2020-10-28 19:48:23,3.693s,PASSED
"click(findTestObject(""Object Repository/a_Blog""))",Chrome 86.0.4240.111,,,2020-10-28 19:48:23,2020-10-28 19:48:28,4.786s,PASSED
"click(findTestObject(""Object Repository/a_FAQs""))",Chrome 86.0.4240.111,,,2020-10-28 19:48:28,2020-10-28 19:48:32,3.640s,PASSED
"click(findTestObject(""Object Repository/a_Work For Us""))",Chrome 86.0.4240.111,,,2020-10-28 19:48:32,2020-10-28 19:48:35,2.981s,PASSED
"click(findTestObject(""Object Repository/a_Contact Us""))",Chrome 86.0.4240.111,,,2020-10-28 19:48:35,2020-10-28 19:48:38,3.381s,PASSED
"click(findTestObject(""Object Repository/a_Register""))",Chrome 86.0.4240.111,,,2020-10-28 19:48:38,2020-10-28 19:48:41,3.112s,PASSED
"click(findTestObject(""Object Repository/Page_Tunescribers  Worlds Finest Music Tran_77530f/a_Login""))",Chrome 86.0.4240.111,,,2020-10-28 19:48:41,2020-10-28 19:48:43,1.299s,PASSED
closeBrowser(),Chrome 86.0.4240.111,,,2020-10-28 19:48:43,2020-10-28 19:48:43,0.750s,PASSED
