{
  "brokenTestObjects": [
    {
      "approved": false,
      "proposedXPath": "//p[2]",
      "testObjectId": "Object Repository/Page_Tunescribers  Worlds Finest Music Tran_77530f/p_Examples httpsyoutubeQse0LMVAzBEhttpswwwy_9a24e6",
      "brokenXPath": "(.//*[normalize-space(text()) and normalize-space(.)\u003d\u0027Enter the song’s YouTube web address\u0027])[1]/following::p[1]",
      "pathToScreenshot": "C:/Users/CComputing/git/tc_tunescriber/Reports/smart_xpath/Object Repository/Page_Tunescribers  Worlds Finest Music Tran_77530f/p_Examples httpsyoutubeQse0LMVAzBEhttpswwwy_9a24e6_position.png"
    },
    {
      "approved": false,
      "proposedXPath": "//div/input",
      "testObjectId": "Object Repository/Page_Tunescribers  Worlds Finest Music Tran_77530f/input_Enter the songs YouTube web address_link",
      "brokenXPath": "//input[@id\u003d\u0027link\u0027]",
      "pathToScreenshot": ""
    },
    {
      "approved": false,
      "proposedXPath": "//form[@id\u003d\u0027frmCheckout\u0027]/div[2]/div[5]/div[2]/label",
      "testObjectId": "Object Repository/label_Paypal",
      "brokenXPath": "//label[contains(text(),‘Paypal’)]",
      "pathToScreenshot": ""
    }
  ]
}